Pin,1.5GHz,3GHz,1.50075GHz,3.0015GHz,1.5015GHz,3.003GHz,1.50225GHz,3.0045GHz,1.503GHz,3.006GHz,1.50375GHz,3.0075GHz,1.5045GHz,3.009GHz,1.50525GHz,3.0105GHz,1.506GHz,3.012GHz,1.50675GHz,3.0135GHz,1.5075GHz,3.015GHz,1.50825GHz,3.0165GHz,1.509GHz,3.018GHz,1.50975GHz,3.0195GHz,1.5105GHz,3.021GHz,1.51125GHz,3.0225GHz,1.512GHz,3.024GHz,1.51275GHz,3.0255GHz,1.5135GHz,3.027GHz,1.51425GHz,3.0285GHz,1.515GHz,3.03GHz,1.51575GHz,3.0315GHz,1.5165GHz,3.033GHz,1.51725GHz,3.0345GHz,1.518GHz,3.036GHz,1.51875GHz,3.0375GHz,1.5195GHz,3.039GHz,1.52025GHz,3.0405GHz,1.521GHz,3.042GHz,1.52175GHz,3.0435GHz,1.5225GHz,3.045GHz,1.52325GHz,3.0465GHz,1.524GHz,3.048GHz,1.52475GHz,3.0495GHz,1.5255GHz,3.051GHz,1.52625GHz,3.0525GHz,1.527GHz,3.054GHz,1.52775GHz,3.0555GHz,1.5285GHz,3.057GHz,1.52925GHz,3.0585GHz,1.53GHz,3.06GHz,1.53075GHz,3.0615GHz,1.5315GHz,3.063GHz,1.53225GHz,3.0645GHz,1.533GHz,3.066GHz,1.53375GHz,3.0675GHz,1.5345GHz,3.069GHz,1.53525GHz,3.0705GHz,1.536GHz,3.072GHz,1.53675GHz,3.0735GHz,1.5375GHz,3.075GHz,1.53825GHz,3.0765GHz,1.539GHz,3.078GHz,1.53975GHz,3.0795GHz,1.5405GHz,3.081GHz,1.54125GHz,3.0825GHz,1.542GHz,3.084GHz,1.54275GHz,3.0855GHz,1.5435GHz,3.087GHz,1.54425GHz,3.0885GHz,1.545GHz,3.09GHz,1.54575GHz,3.0915GHz,1.5465GHz,3.093GHz,1.54725GHz,3.0945GHz,1.548GHz,3.096GHz,1.54875GHz,3.0975GHz,1.5495GHz,3.099GHz,1.55025GHz,3.1005GHz,1.551GHz,3.102GHz,1.55175GHz,3.1035GHz,1.5525GHz,3.105GHz,1.55325GHz,3.1065GHz,1.554GHz,3.108GHz,1.55475GHz,3.1095GHz,1.5555GHz,3.111GHz,1.55625GHz,3.1125GHz,1.557GHz,3.114GHz,1.55775GHz,3.1155GHz,1.5585GHz,3.117GHz,1.55925GHz,3.1185GHz,1.56GHz,3.12GHz,1.56075GHz,3.1215GHz,1.5615GHz,3.123GHz,1.56225GHz,3.1245GHz,1.563GHz,3.126GHz,1.56375GHz,3.1275GHz,1.5645GHz,3.129GHz,1.56525GHz,3.1305GHz,1.566GHz,3.132GHz,1.56675GHz,3.1335GHz,1.5675GHz,3.135GHz,1.56825GHz,3.1365GHz,1.569GHz,3.138GHz,1.56975GHz,3.1395GHz,1.5705GHz,3.141GHz,1.57125GHz,3.1425GHz,1.572GHz,3.144GHz,1.57275GHz,3.1455GHz,1.5735GHz,3.147GHz,1.57425GHz,3.1485GHz,1.575GHz,3.15GHz,1.57575GHz,3.1515GHz,1.5765GHz,3.153GHz,1.57725GHz,3.1545GHz,1.578GHz,3.156GHz,1.57875GHz,3.1575GHz,1.5795GHz,3.159GHz,1.58025GHz,3.1605GHz,1.581GHz,3.162GHz,1.58175GHz,3.1635GHz,1.5825GHz,3.165GHz,1.58325GHz,3.1665GHz,1.584GHz,3.168GHz,1.58475GHz,3.1695GHz,1.5855GHz,3.171GHz,1.58625GHz,3.1725GHz,1.587GHz,3.174GHz,1.58775GHz,3.1755GHz,1.5885GHz,3.177GHz,1.58925GHz,3.1785GHz,1.59GHz,3.18GHz,1.59075GHz,3.1815GHz,1.5915GHz,3.183GHz,1.59225GHz,3.1845GHz,1.593GHz,3.186GHz,1.59375GHz,3.1875GHz,1.5945GHz,3.189GHz,1.59525GHz,3.1905GHz,1.596GHz,3.192GHz,1.59675GHz,3.1935GHz,1.5975GHz,3.195GHz,1.59825GHz,3.1965GHz,1.599GHz,3.198GHz,1.59975GHz,3.1995GHz,1.6005GHz,3.201GHz,1.60125GHz,3.2025GHz,1.602GHz,3.204GHz,1.60275GHz,3.2055GHz,1.6035GHz,3.207GHz,1.60425GHz,3.2085GHz,1.605GHz,3.21GHz,1.60575GHz,3.2115GHz,1.6065GHz,3.213GHz,1.60725GHz,3.2145GHz,1.608GHz,3.216GHz,1.60875GHz,3.2175GHz,1.6095GHz,3.219GHz,1.61025GHz,3.2205GHz,1.611GHz,3.222GHz,1.61175GHz,3.2235GHz,1.6125GHz,3.225GHz,1.61325GHz,3.2265GHz,1.614GHz,3.228GHz,1.61475GHz,3.2295GHz,1.6155GHz,3.231GHz,1.61625GHz,3.2325GHz,1.617GHz,3.234GHz,1.61775GHz,3.2355GHz,1.6185GHz,3.237GHz,1.61925GHz,3.2385GHz,1.62GHz,3.24GHz,1.62075GHz,3.2415GHz,1.6215GHz,3.243GHz,1.62225GHz,3.2445GHz,1.623GHz,3.246GHz,1.62375GHz,3.2475GHz,1.6245GHz,3.249GHz,1.62525GHz,3.2505GHz,1.626GHz,3.252GHz,1.62675GHz,3.2535GHz,1.6275GHz,3.255GHz,1.62825GHz,3.2565GHz,1.629GHz,3.258GHz,1.62975GHz,3.2595GHz,1.6305GHz,3.261GHz,1.63125GHz,3.2625GHz,1.632GHz,3.264GHz,1.63275GHz,3.2655GHz,1.6335GHz,3.267GHz,1.63425GHz,3.2685GHz,1.635GHz,3.27GHz,1.63575GHz,3.2715GHz,1.6365GHz,3.273GHz,1.63725GHz,3.2745GHz,1.638GHz,3.276GHz,1.63875GHz,3.2775GHz,1.6395GHz,3.279GHz,1.64025GHz,3.2805GHz,1.641GHz,3.282GHz,1.64175GHz,3.2835GHz,1.6425GHz,3.285GHz,1.64325GHz,3.2865GHz,1.644GHz,3.288GHz,1.64475GHz,3.2895GHz,1.6455GHz,3.291GHz,1.64625GHz,3.2925GHz,1.647GHz,3.294GHz,1.64775GHz,3.2955GHz,1.6485GHz,3.297GHz,1.64925GHz,3.2985GHz,1.65GHz,3.3GHz
-20.0,"9.91E+37
","-6.826E+00
","9.91E+37
","-6.887E+00
","-6.981E+00
","9.91E+37
","-7.114E+00
","9.91E+37
","-7.196E+00
","-7.193E+00
","-7.166E+00
","-7.164E+00
","-4.1265E+01
","9.91E+37
","-7.153E+00
","-7.152E+00
","-4.0978E+01
","-7.194E+00
","-4.0884E+01
","-7.256E+00
","-7.197E+00
","-7.707E+00
","-6.853E+00
","-8.3193E+01
","-6.491E+00
","-8.3015E+01
","-6.479E+00
","-8.2921E+01
","-6.535E+00
","-6.533E+00
","9.91E+37
","-8.3553E+01
","-6.666E+00
","-6.668E+00
","-3.9486E+01
","-8.2554E+01
","-6.791E+00
","-6.791E+00
","-6.829E+00
","-6.834E+00
","-6.905E+00
","9.91E+37
","-3.9712E+01
","-7.978E+00
","-7.139E+00
","-7.142E+00
","-3.8830E+01
","-7.325E+00
","-7.572E+00
","-7.572E+00
","-7.819E+00
","-7.819E+00
","-7.734E+00
","-8.3343E+01
","-7.436E+00
","9.91E+37
","-7.321E+00
","-7.322E+00
","-7.403E+00
","9.91E+37
","-7.542E+00
","-7.541E+00
","-3.7742E+01
","-7.458E+00
","9.91E+37
","-7.023E+00
","-7.202E+00
","-7.200E+00
","-7.616E+00
","-7.616E+00
","-3.7917E+01
","-8.107E+00
","-8.826E+00
","-8.830E+00
","-9.274E+00
","9.91E+37
","-3.8836E+01
","-7.865E+00
","-3.8562E+01
","-7.457E+00
","-7.838E+00
","-7.838E+00
","-8.397E+00
","9.91E+37
","-3.7842E+01
","9.91E+37
","-9.433E+00
","-9.434E+00
","-9.277E+00
","9.91E+37
","-3.8113E+01
","-9.970E+00
","-1.0794E+01
","9.91E+37
","-3.1538E+01
","-1.1790E+01
","-3.8650E+01
","-1.3862E+01
","-1.4850E+01
","-8.3939E+01
","-3.9190E+01
","-8.3909E+01
","-2.1744E+01
","-2.1739E+01
","-3.9863E+01
","-3.2192E+01
","-4.0095E+01
","-2.5050E+01
","-4.0144E+01
","-1.7347E+01
","-1.2847E+01
","-1.2857E+01
","-9.539E+00
","-9.552E+00
","-6.972E+00
","9.91E+37
","-3.7847E+01
","9.91E+37
","-2.604E+00
","-2.612E+00
","-3.4888E+01
","-1.798E+00
","-3.3448E+01
","7.78E-01
","2.239E+00
","2.233E+00
","-2.9859E+01
","3.506E+00
","-2.8286E+01
","-8.5873E+01
","-2.6925E+01
","9.91E+37
","-2.5906E+01
","5.849E+00
","-2.4968E+01
","6.195E+00
","-2.4439E+01
","6.398E+00
","6.479E+00
","6.480E+00
","6.433E+00
","6.430E+00
","6.402E+00
","6.402E+00
","-2.3907E+01
","6.334E+00
","-2.3918E+01
","6.254E+00
","-2.3917E+01
","6.089E+00
","6.051E+00
","6.051E+00
","5.981E+00
","9.91E+37
","-2.3969E+01
","5.919E+00
","-2.3995E+01
","5.860E+00
","5.850E+00
","5.854E+00
","-2.3580E+01
","5.830E+00
","-2.3988E+01
","5.830E+00
","5.845E+00
","5.845E+00
","5.836E+00
","-7.7469E+01
","9.91E+37
","5.878E+00
","5.931E+00
","5.929E+00
","-2.3436E+01
","5.966E+00
","-2.5021E+01
","5.990E+00
","6.041E+00
","9.91E+37
","-2.3266E+01
","6.092E+00
","6.133E+00
","6.132E+00
","-2.3503E+01
","6.174E+00
","6.233E+00
","-7.6986E+01
","6.283E+00
","6.321E+00
","6.365E+00
","6.367E+00
","6.438E+00
","6.436E+00
","6.507E+00
","6.504E+00
","6.566E+00
","6.566E+00
","-2.2474E+01
","5.634E+00
","6.605E+00
","-7.8034E+01
","-2.2358E+01
","6.652E+00
","6.676E+00
","6.673E+00
","6.714E+00
","6.714E+00
","-3.0968E+01
","-3.0968E+01
","-2.2440E+01
","6.774E+00
","6.846E+00
","6.843E+00
","-2.2346E+01
","6.864E+00
","6.877E+00
","9.91E+37
","-2.2378E+01
","6.860E+00
","-2.2390E+01
","6.847E+00
","-2.2423E+01
","6.832E+00
","6.831E+00
","6.831E+00
","9.91E+37
","9.91E+37
","-2.2686E+01
","6.796E+00
","6.848E+00
","6.845E+00
","-2.2664E+01
","9.91E+37
","6.861E+00
","6.863E+00
","6.874E+00
","6.874E+00
","-2.2390E+01
","6.904E+00
","6.882E+00
","6.884E+00
","-2.2192E+01
","6.861E+00
","-2.2106E+01
","6.863E+00
","6.854E+00
","6.854E+00
","-2.2026E+01
","6.869E+00
","6.856E+00
","6.852E+00
","6.868E+00
","6.866E+00
","-2.1529E+01
","6.917E+00
","6.913E+00
","6.912E+00
","-2.1113E+01
","9.91E+37
","6.959E+00
","6.959E+00
","6.848E+00
","6.848E+00
","6.853E+00
","6.852E+00
","-9.1361E+01
","6.779E+00
","6.653E+00
","6.651E+00
","6.606E+00
","6.606E+00
","6.514E+00
","6.514E+00
","6.379E+00
","6.377E+00
","-2.1065E+01
","6.255E+00
","6.148E+00
","9.91E+37
","6.099E+00
","-7.7044E+01
","-2.1618E+01
","5.897E+00
","5.782E+00
","5.780E+00
","-2.2261E+01
","5.621E+00
","5.378E+00
","5.375E+00
","-2.3114E+01
","5.105E+00
","4.929E+00
","4.930E+00
","4.584E+00
","9.91E+37
","-2.6666E+01
","4.323E+00
","-2.6137E+01
","9.91E+37
","9.91E+37
","3.566E+00
","3.147E+00
","3.148E+00
","2.436E+00
","2.462E+00
","1.513E+00
","1.625E+00
","-3.4115E+01
","7.05E-01
","-3.6229E+01
","-4.68E-01
","-1.528E+00
","-1.523E+00
","-3.065E+00
","-3.057E+00
","-3.8092E+01
","-4.622E+00
","-6.482E+00
","-6.455E+00
","-8.941E+00
","-8.912E+00
","9.91E+37
","9.91E+37
","-3.7510E+01
","-1.5480E+01
","-1.8899E+01
","-1.8885E+01
","-2.1928E+01
","-2.1922E+01
","-2.0561E+01
","-2.0591E+01
","-3.8725E+01
","9.91E+37
","-1.6791E+01
","-1.6809E+01
","-3.8804E+01
","-1.5204E+01
","-1.3766E+01
","9.91E+37
","-1.2803E+01
","-1.2812E+01
","-3.8814E+01
","-1.1981E+01
","-1.1449E+01
","-1.1449E+01
","-3.9111E+01
","-1.1165E+01
","-1.0828E+01
","-8.1675E+01
","-3.9269E+01
","-1.0545E+01
","-3.9149E+01
","9.91E+37
","-3.8746E+01
","-8.3402E+01
","-3.8687E+01
","9.91E+37
","-8.349E+00
","-8.352E+00
","-8.271E+00
","9.91E+37
","-3.9077E+01
","-8.133E+00
","-3.9353E+01
","-8.127E+00
","-3.9978E+01
","-7.940E+00
","-3.9784E+01
","-7.943E+00
","-4.0013E+01
","-7.704E+00
","-4.0089E+01
","-7.694E+00
","-4.0320E+01
","-7.774E+00
","-4.0433E+01
","-7.519E+00
","-7.511E+00
","-7.512E+00
","-4.0903E+01
","-7.717E+00
","-4.1176E+01
","-8.476E+00
","-7.382E+00
","-7.378E+00
","-4.1646E+01
","9.91E+37
","-7.739E+00
","-7.739E+00
","-4.2073E+01
","-7.359E+00
","-4.2165E+01
","-7.738E+00
","-7.884E+00
","-7.884E+00
","-4.2645E+01
","-7.684E+00
","-7.670E+00
","-7.673E+00
","-4.3302E+01
","-7.968E+00
","-7.871E+00
","-7.878E+00
"
-19.0,"-3.7221E+01
","-6.826E+00
","-7.542E+00
","9.91E+37
","-3.7508E+01
","-8.4249E+01
","-3.7649E+01
","-8.3425E+01
","-3.7755E+01
","-8.4284E+01
","-3.7732E+01
","-7.164E+00
","-3.7711E+01
","-8.4415E+01
","-3.7720E+01
","-8.3305E+01
","-3.7759E+01
","-8.4303E+01
","-3.7820E+01
","-7.256E+00
","-3.7749E+01
","-7.707E+00
","-3.7375E+01
","-8.4137E+01
","-3.7018E+01
","-8.3373E+01
","-3.7015E+01
","-8.3785E+01
","-3.7074E+01
","-8.3757E+01
","-3.7151E+01
","-8.3835E+01
","-3.7212E+01
","-8.4375E+01
","-3.7291E+01
","-8.3288E+01
","-3.7315E+01
","-8.3129E+01
","-3.7350E+01
","-8.3129E+01
","-3.7428E+01
","-8.4817E+01
","-3.7535E+01
","-7.978E+00
","-3.6625E+01
","-8.4398E+01
","-3.7837E+01
","-7.325E+00
","-3.8036E+01
","-8.3398E+01
","-3.8252E+01
","-8.3159E+01
","-3.8143E+01
","-8.4487E+01
","-3.7809E+01
","-8.3547E+01
","-3.7670E+01
","-8.4389E+01
","-3.7741E+01
","-8.2860E+01
","-3.7846E+01
","-7.541E+00
","-3.7735E+01
","-8.3763E+01
","-3.7285E+01
","-8.2317E+01
","-3.7455E+01
","-8.2894E+01
","-3.7860E+01
","-8.3201E+01
","-3.7312E+01
","-8.3803E+01
","-3.8986E+01
","-8.2550E+01
","-3.9337E+01
","-8.3412E+01
","-3.7954E+01
","-8.3939E+01
","-3.7552E+01
","-7.457E+00
","-3.7899E+01
","-8.2728E+01
","-3.8452E+01
","-8.3705E+01
","-3.9144E+01
","-8.6386E+01
","-3.9403E+01
","-9.434E+00
","-3.9206E+01
","-8.3711E+01
","-3.9884E+01
","-8.3679E+01
","-4.0686E+01
","-8.5647E+01
","-4.1665E+01
","-8.3717E+01
","-4.2950E+01
","-8.4007E+01
","-4.4659E+01
","-8.2052E+01
","-4.6356E+01
","-8.8339E+01
","-5.1718E+01
","-8.4301E+01
","-6.4122E+01
","-8.3600E+01
","-2.5017E+01
","-8.3558E+01
","-4.6750E+01
","-8.3684E+01
","-4.2245E+01
","9.91E+37
","-3.8853E+01
","-8.4297E+01
","-3.6211E+01
","-8.2848E+01
","-3.3818E+01
","-8.4519E+01
","-3.1738E+01
","-8.3095E+01
","-2.9987E+01
","-8.3124E+01
","-2.8392E+01
","7.78E-01
","-2.7004E+01
","-8.3480E+01
","-2.5852E+01
","-8.4928E+01
","-2.4980E+01
","-8.7262E+01
","-2.4386E+01
","-8.5825E+01
","-2.3896E+01
","-8.5834E+01
","-2.3611E+01
","-8.5703E+01
","-2.3424E+01
","-8.2970E+01
","-2.3326E+01
","-8.1124E+01
","-2.3323E+01
","-8.0780E+01
","-2.3291E+01
","-7.9063E+01
","-2.3305E+01
","-8.0281E+01
","-2.3325E+01
","-7.8082E+01
","-2.3375E+01
","9.91E+37
","-2.3420E+01
","-7.8370E+01
","-2.3451E+01
","-7.8547E+01
","-2.3522E+01
","-7.7346E+01
","-2.3523E+01
","5.860E+00
","-2.2550E+01
","-7.7766E+01
","-2.3520E+01
","-7.6656E+01
","5.830E+00
","5.830E+00
","-2.3509E+01
","-7.6888E+01
","-2.3542E+01
","-7.6939E+01
","-2.3646E+01
","5.878E+00
","-2.3460E+01
","-7.6101E+01
","-2.3452E+01
","-7.7102E+01
","-2.3486E+01
","-7.6799E+01
","-2.3437E+01
","-7.6621E+01
","6.092E+00
","6.092E+00
","-2.3418E+01
","-7.7004E+01
","-2.3410E+01
","-7.6754E+01
","-2.3397E+01
","-7.7754E+01
","-2.3329E+01
","-7.7011E+01
","-2.3329E+01
","-7.6912E+01
","-2.3319E+01
","-7.7682E+01
","-2.3274E+01
","-7.7379E+01
","-2.3259E+01
","-7.8157E+01
","-2.3288E+01
","-7.8582E+01
","-2.3280E+01
","-7.7363E+01
","-2.3287E+01
","-7.8192E+01
","-2.3242E+01
","-7.9347E+01
","-2.3221E+01
","-7.9015E+01
","-3.0968E+01
","-3.0968E+01
","-2.3203E+01
","-8.0541E+01
","-2.3109E+01
","-8.0586E+01
","-2.3089E+01
","-7.9860E+01
","-2.3071E+01
","-8.1077E+01
","-2.3092E+01
","-8.1930E+01
","-2.3076E+01
","6.847E+00
","-2.3109E+01
","-8.3063E+01
","-2.3053E+01
","-8.6717E+01
","-2.3089E+01
","-8.3280E+01
","-2.3073E+01
","-8.3253E+01
","-2.3363E+01
","-8.4581E+01
","6.815E+00
","-8.3618E+01
","-2.2956E+01
","-8.2545E+01
","-2.2934E+01
","-8.2533E+01
","-2.2910E+01
","-8.0200E+01
","-2.2919E+01
","-7.9805E+01
","-2.2948E+01
","-8.0338E+01
","-2.2987E+01
","-7.8625E+01
","-2.2984E+01
","-8.0073E+01
","-2.2984E+01
","-7.7780E+01
","-2.3029E+01
","-7.7736E+01
","-2.3044E+01
","-7.7009E+01
","-2.3013E+01
","-7.6615E+01
","-2.3042E+01
","-7.6446E+01
","-2.3056E+01
","-7.7363E+01
","-2.3032E+01
","-7.7264E+01
","-2.3157E+01
","-7.5685E+01
","-2.3166E+01
","-7.5632E+01
","-2.3236E+01
","6.779E+00
","-2.3378E+01
","-7.5705E+01
","-2.3433E+01
","-7.6224E+01
","-2.3510E+01
","-7.5805E+01
","-2.3631E+01
","-7.5863E+01
","-2.3730E+01
","-7.5508E+01
","-2.3817E+01
","-7.6243E+01
","-2.3839E+01
","-7.6437E+01
","-2.3989E+01
","-7.6295E+01
","-2.4127E+01
","-7.7978E+01
","-2.4252E+01
","-7.9756E+01
","-2.4510E+01
","-7.9366E+01
","-2.4779E+01
","9.91E+37
","-2.4989E+01
","-8.1057E+01
","-2.5367E+01
","-8.4440E+01
","-2.5655E+01
","-8.3665E+01
","-2.6059E+01
","-8.6043E+01
","-2.6573E+01
","-8.9465E+01
","-2.7079E+01
","-8.8626E+01
","-2.7841E+01
","-9.3163E+01
","-2.8742E+01
","-8.4592E+01
","-2.9721E+01
","-8.4125E+01
","-3.0905E+01
","-8.2481E+01
","-3.1957E+01
","-8.1566E+01
","-3.3461E+01
","-8.2021E+01
","-3.4967E+01
","-8.1774E+01
","-3.6737E+01
","-8.1366E+01
","-3.9083E+01
","-8.1256E+01
","-4.1879E+01
","-8.2186E+01
","-4.5409E+01
","-8.2843E+01
","-4.8698E+01
","-8.2671E+01
","-5.1738E+01
","-8.1880E+01
","-5.0377E+01
","-8.2454E+01
","-3.8725E+01
","-8.1932E+01
","-4.6403E+01
","-8.2750E+01
","-4.4758E+01
","-8.0596E+01
","-4.3298E+01
","-8.3128E+01
","-4.1287E+01
","-8.2323E+01
","-4.1411E+01
","-8.1433E+01
","-4.0863E+01
","-8.1741E+01
","-4.0560E+01
","-8.3415E+01
","-4.0220E+01
","-8.2152E+01
","-3.9940E+01
","-8.0683E+01
","-3.8931E+01
","-8.1919E+01
","-3.8481E+01
","-8.2681E+01
","-3.7995E+01
","-8.4170E+01
","-3.7755E+01
","-8.1522E+01
","-3.7670E+01
","-8.2347E+01
","-3.7551E+01
","-8.4596E+01
","-3.7568E+01
","-8.4105E+01
","-3.7409E+01
","-8.3292E+01
","-3.7432E+01
","-8.1790E+01
","-3.7218E+01
","-8.2477E+01
","-3.7234E+01
","-8.2184E+01
","-3.7329E+01
","-8.6186E+01
","-3.7114E+01
","-8.1772E+01
","-3.7119E+01
","-8.3149E+01
","-3.7352E+01
","-8.3185E+01
","-3.7159E+01
","-8.3897E+01
","-3.7079E+01
","-8.3360E+01
","-3.7348E+01
","-8.4742E+01
","-3.7494E+01
","-8.1695E+01
","-3.7125E+01
","-8.2924E+01
","-3.7547E+01
","-8.4623E+01
","-3.7723E+01
","-8.3167E+01
","-3.7532E+01
","-8.2196E+01
","-3.7544E+01
","-8.2993E+01
","-3.7875E+01
","-8.2767E+01
","-3.7788E+01
","-8.3249E+01
"
-18.0,"-3.6302E+01
","-8.2733E+01
","-3.6391E+01
","-8.2792E+01
","-3.6502E+01
","-8.3339E+01
","-3.6661E+01
","-8.2242E+01
","-3.6747E+01
","-8.2596E+01
","-3.6712E+01
","-8.2623E+01
","-3.6699E+01
","-8.2781E+01
","-3.6709E+01
","-8.5859E+01
","-3.6756E+01
","-8.2813E+01
","-3.6813E+01
","-8.2595E+01
","-3.6740E+01
","-8.3376E+01
","-3.6377E+01
","-8.1442E+01
","-3.6016E+01
","-8.2001E+01
","-3.6017E+01
","-8.1627E+01
","-3.6073E+01
","-8.2812E+01
","-3.6128E+01
","-8.3487E+01
","-3.6207E+01
","-8.2232E+01
","-3.6262E+01
","-8.0720E+01
","-3.6314E+01
","-8.2154E+01
","-3.6347E+01
","-8.2424E+01
","-3.6429E+01
","-8.1262E+01
","-3.6508E+01
","-8.1486E+01
","-3.6630E+01
","-8.2132E+01
","-3.6802E+01
","-8.2660E+01
","-3.7030E+01
","-8.2233E+01
","-3.7248E+01
","-8.1590E+01
","-3.7126E+01
","-8.2067E+01
","-3.5802E+01
","-8.1998E+01
","-3.6666E+01
","-8.1746E+01
","-3.6722E+01
","-8.3704E+01
","-3.6841E+01
","-8.2489E+01
","-3.6728E+01
","-8.1347E+01
","-3.6277E+01
","-8.1638E+01
","-3.6449E+01
","-8.1079E+01
","-3.5982E+01
","-8.2058E+01
","-3.7290E+01
","-8.2223E+01
","-3.7977E+01
","-8.1781E+01
","-3.8335E+01
","-8.1549E+01
","-3.6951E+01
","-8.1601E+01
","-3.6520E+01
","-8.3326E+01
","-3.6895E+01
","-8.2942E+01
","-3.7433E+01
","-8.5208E+01
","-3.8124E+01
","-8.1995E+01
","-3.8405E+01
","-8.1524E+01
","-3.8216E+01
","-8.1627E+01
","-3.8884E+01
","-8.6125E+01
","-3.9672E+01
","-8.1648E+01
","-4.0645E+01
","-8.2908E+01
","-4.1938E+01
","-8.1881E+01
","-4.3675E+01
","-8.3135E+01
","-4.6244E+01
","-8.2336E+01
","-5.0725E+01
","-8.6364E+01
","-6.2848E+01
","-8.2297E+01
","-5.3620E+01
","-8.2716E+01
","-4.5763E+01
","-8.2253E+01
","-4.1240E+01
","-8.1855E+01
","-3.8851E+01
","-8.2790E+01
","-3.5217E+01
","-8.1836E+01
","-3.2821E+01
","-8.2649E+01
","-3.0732E+01
","-8.2012E+01
","-2.8959E+01
","-8.4296E+01
","-2.7367E+01
","-8.3274E+01
","-2.5998E+01
","-8.5503E+01
","-2.4850E+01
","-8.4963E+01
","-2.3982E+01
","-8.5030E+01
","-2.3397E+01
","-8.8106E+01
","-2.2910E+01
","-8.3791E+01
","-2.2618E+01
","-8.3115E+01
","-2.2430E+01
","-8.0776E+01
","-2.2324E+01
","-7.8577E+01
","-2.2316E+01
","-7.8349E+01
","-2.2285E+01
","-7.8024E+01
","-2.2285E+01
","-7.6831E+01
","-2.2298E+01
","-7.6009E+01
","-2.2334E+01
","-7.5766E+01
","-2.2403E+01
","-7.5969E+01
","-2.2437E+01
","-7.5541E+01
","-2.2472E+01
","-7.5415E+01
","-2.2511E+01
","-7.7343E+01
","-2.2495E+01
","-7.4840E+01
","-2.2506E+01
","-7.5156E+01
","-2.2521E+01
","-7.5140E+01
","-2.2491E+01
","-7.4793E+01
","-2.2525E+01
","-7.4555E+01
","-2.2486E+01
","-7.4676E+01
","-2.2435E+01
","-7.4754E+01
","-2.2434E+01
","-7.4968E+01
","-2.2446E+01
","-7.5173E+01
","-2.2419E+01
","-7.4771E+01
","-2.2417E+01
","-7.4706E+01
","-2.3410E+01
","-7.5143E+01
","-2.2392E+01
","-7.5019E+01
","-2.2378E+01
","-7.4268E+01
","-2.2297E+01
","-7.5411E+01
","-2.2318E+01
","-7.5740E+01
","-2.2292E+01
","-7.5614E+01
","-2.2246E+01
","-7.5567E+01
","-2.2237E+01
","-7.6686E+01
","-2.2260E+01
","-7.7564E+01
","-2.2262E+01
","-7.6327E+01
","-2.2246E+01
","-7.6378E+01
","-2.2228E+01
","-7.7047E+01
","-2.2207E+01
","-7.9528E+01
","-3.0968E+01
","-3.0968E+01
","-2.1149E+01
","-7.8287E+01
","-2.2092E+01
","-7.8671E+01
","-2.2067E+01
","-8.2268E+01
","-2.2062E+01
","-7.9510E+01
","-2.2057E+01
","-7.9321E+01
","-2.2045E+01
","-8.1162E+01
","-2.2052E+01
","-8.1533E+01
","-2.2040E+01
","-8.1273E+01
","-2.2071E+01
","-8.4440E+01
","-2.2051E+01
","-8.2092E+01
","-2.1984E+01
","-8.3121E+01
","-2.1999E+01
","-8.1087E+01
","-2.1948E+01
","-8.1825E+01
","-2.1920E+01
","-8.0597E+01
","-2.0889E+01
","-7.9190E+01
","-2.1913E+01
","-7.8011E+01
","-2.1945E+01
","-7.9655E+01
","-2.1954E+01
","-7.7008E+01
","-2.1982E+01
","-7.8208E+01
","-2.1987E+01
","-7.6956E+01
","-2.2031E+01
","-7.5508E+01
","-2.2050E+01
","-7.5803E+01
","-2.2021E+01
","-7.6078E+01
","-2.2041E+01
","-7.3997E+01
","-2.2063E+01
","-7.5695E+01
","-2.2041E+01
","-7.5468E+01
","-2.2166E+01
","-7.4577E+01
","-2.2173E+01
","-7.4098E+01
","-2.2257E+01
","-7.5873E+01
","-2.2391E+01
","-7.3691E+01
","-2.2419E+01
","-7.3994E+01
","-2.2520E+01
","-7.4493E+01
","-2.2634E+01
","-7.4091E+01
","-2.2736E+01
","-7.3922E+01
","-2.2826E+01
","-7.4550E+01
","-2.2843E+01
","-7.4263E+01
","-2.3033E+01
","-7.5007E+01
","-2.3136E+01
","-7.5107E+01
","-2.3276E+01
","-7.6350E+01
","-2.3519E+01
","-7.6991E+01
","-2.3804E+01
","-7.9469E+01
","-2.4000E+01
","-7.9111E+01
","-2.4378E+01
","-8.1377E+01
","-2.4683E+01
","-8.3254E+01
","-2.5082E+01
","-8.3702E+01
","-2.5574E+01
","-9.0131E+01
","-2.6079E+01
","-8.7683E+01
","-2.6847E+01
","-8.8177E+01
","-2.7749E+01
","-8.4326E+01
","-2.8718E+01
","-8.6179E+01
","-2.9906E+01
","-8.2050E+01
","-3.0952E+01
","-8.0803E+01
","-3.2448E+01
","-8.1420E+01
","-3.3958E+01
","-8.0872E+01
","-3.5710E+01
","-8.3287E+01
","-3.8087E+01
","-7.9763E+01
","-4.0859E+01
","-7.9927E+01
","-4.4403E+01
","-8.3077E+01
","-4.7671E+01
","-8.0976E+01
","-5.0686E+01
","-8.1299E+01
","-4.9359E+01
","-7.9569E+01
","-4.7057E+01
","-8.2235E+01
","-4.5441E+01
","-8.0663E+01
","-4.3771E+01
","-7.9804E+01
","-4.2282E+01
","-8.2181E+01
","-4.1276E+01
","-8.0594E+01
","-4.0414E+01
","-8.0972E+01
","-3.9852E+01
","-8.0945E+01
","-3.9550E+01
","-8.1109E+01
","-3.9220E+01
","-7.9235E+01
","-3.8944E+01
","-8.0021E+01
","-3.7939E+01
","-8.0229E+01
","-3.7483E+01
","-8.0036E+01
","-3.6995E+01
","-8.0846E+01
","-3.6764E+01
","-8.0055E+01
","-3.6677E+01
","-8.1725E+01
","-3.6555E+01
","-8.0768E+01
","-3.6567E+01
","-8.0635E+01
","-3.6400E+01
","-8.1872E+01
","-3.6435E+01
","-7.9923E+01
","-3.6210E+01
","-8.0942E+01
","-3.6228E+01
","-8.1626E+01
","-3.6326E+01
","-8.0832E+01
","-3.6109E+01
","-8.1238E+01
","-3.6769E+01
","-8.0643E+01
","-3.6346E+01
","-8.1304E+01
","-3.6148E+01
","-8.1970E+01
","-3.6068E+01
","-8.1543E+01
","-3.6332E+01
","-8.1785E+01
","-3.6478E+01
","-8.1642E+01
","-3.6124E+01
","-8.1243E+01
","-3.6532E+01
","-8.2110E+01
","-3.6711E+01
","-8.1694E+01
","-3.6527E+01
","-8.1812E+01
","-3.6539E+01
","-8.2420E+01
","-3.6858E+01
","-8.1565E+01
","-3.6802E+01
","-8.1450E+01
"
-17.0,"-3.5309E+01
","-8.3577E+01
","-3.5385E+01
","-8.1551E+01
","-3.5498E+01
","-8.1023E+01
","-3.5653E+01
","-8.1919E+01
","-3.5724E+01
","-8.0662E+01
","-3.5710E+01
","-8.1762E+01
","-3.5688E+01
","-8.2290E+01
","-3.5712E+01
","-8.0860E+01
","-3.4752E+01
","-8.4212E+01
","-3.5806E+01
","-8.3241E+01
","-3.5726E+01
","-8.1918E+01
","-3.5369E+01
","-8.1010E+01
","-3.5004E+01
","-8.2403E+01
","-3.5000E+01
","-8.2820E+01
","-3.5072E+01
","-8.0742E+01
","-3.5138E+01
","-8.1106E+01
","-3.5196E+01
","-8.0798E+01
","-3.5275E+01
","-8.0228E+01
","-3.5318E+01
","-8.4046E+01
","-3.5351E+01
","-8.0649E+01
","-3.5418E+01
","-8.1786E+01
","-3.5490E+01
","-8.0383E+01
","-3.5614E+01
","-7.9458E+01
","-3.5811E+01
","-8.1476E+01
","-3.6023E+01
","-8.0840E+01
","-3.6242E+01
","-8.1973E+01
","-3.6120E+01
","-8.1051E+01
","-3.5796E+01
","-7.9829E+01
","-3.5660E+01
","-8.0913E+01
","-3.5721E+01
","-8.0293E+01
","-3.5824E+01
","-7.9821E+01
","-3.5724E+01
","-8.1686E+01
","-3.5271E+01
","-7.9730E+01
","-3.5448E+01
","-7.9940E+01
","-3.5835E+01
","-7.9465E+01
","-3.6306E+01
","-7.9742E+01
","-3.6976E+01
","-8.0343E+01
","-3.7390E+01
","-7.9961E+01
","-3.5943E+01
","-8.0725E+01
","-3.5528E+01
","-8.0250E+01
","-3.5898E+01
","-8.0231E+01
","-3.6438E+01
","-8.0741E+01
","-3.7130E+01
","-8.0800E+01
","-3.7405E+01
","-8.0677E+01
","-3.7201E+01
","-8.0257E+01
","-3.7886E+01
","-8.0717E+01
","-3.8689E+01
","-8.3075E+01
","-3.9644E+01
","-8.1057E+01
","-4.0949E+01
","-8.2622E+01
","-4.2691E+01
","-7.8980E+01
","-4.5217E+01
","-8.1677E+01
","-4.9716E+01
","-8.0051E+01
","-6.2037E+01
","-8.4106E+01
","-5.2660E+01
","-8.0957E+01
","-4.4753E+01
","-8.0537E+01
","-4.0243E+01
","-8.1348E+01
","-3.6861E+01
","-8.1007E+01
","-3.4220E+01
","-8.0644E+01
","-3.1819E+01
","-7.9942E+01
","-2.9729E+01
","-7.9590E+01
","-2.7959E+01
","-7.9573E+01
","-2.6367E+01
","-8.0335E+01
","-2.4995E+01
","-8.2129E+01
","-2.3848E+01
","-8.3152E+01
","-2.2983E+01
","-8.6100E+01
","-2.2476E+01
","-8.5482E+01
","-2.1909E+01
","-8.2152E+01
","-2.1621E+01
","-8.0914E+01
","-2.1431E+01
","-7.8945E+01
","-2.2327E+01
","-7.7421E+01
","-2.1313E+01
","-7.6431E+01
","-2.1282E+01
","-7.6024E+01
","-2.1279E+01
","-7.6981E+01
","-2.1291E+01
","-7.4376E+01
","-2.1333E+01
","-7.4640E+01
","-2.1384E+01
","-7.3876E+01
","-2.1423E+01
","-7.3306E+01
","-2.1463E+01
","-7.3485E+01
","-2.1492E+01
","-7.3867E+01
","-2.1488E+01
","-7.3390E+01
","-2.1492E+01
","-7.2736E+01
","-2.1507E+01
","-7.3018E+01
","-2.1473E+01
","-7.3073E+01
","-2.1509E+01
","-7.2866E+01
","-2.1468E+01
","-7.2755E+01
","-2.1423E+01
","-7.3113E+01
","-2.1419E+01
","-7.2704E+01
","-2.1432E+01
","-7.3274E+01
","-2.1411E+01
","-7.2884E+01
","-2.2411E+01
","-7.2940E+01
","-2.1384E+01
","-7.2630E+01
","-2.1372E+01
","-7.3085E+01
","-2.1357E+01
","-7.2800E+01
","-2.1286E+01
","-7.3249E+01
","-2.1300E+01
","-7.4005E+01
","-2.1270E+01
","-7.3698E+01
","-2.1240E+01
","-7.3798E+01
","-2.1215E+01
","-7.5118E+01
","-2.1233E+01
","-7.3906E+01
","-2.1243E+01
","-7.4406E+01
","-2.1234E+01
","-7.4385E+01
","-2.1206E+01
","-7.4798E+01
","-2.1187E+01
","-7.5475E+01
","-3.0968E+01
","-3.0968E+01
","-2.1143E+01
","-7.6422E+01
","-2.1079E+01
","-7.6880E+01
","-2.1052E+01
","-7.7238E+01
","-2.1042E+01
","-7.7214E+01
","-2.1039E+01
","-7.8736E+01
","-2.1032E+01
","-7.8938E+01
","-2.1042E+01
","-7.9703E+01
","-2.1032E+01
","-8.2008E+01
","-2.1059E+01
","-8.0409E+01
","-2.1043E+01
","-7.9472E+01
","-2.0970E+01
","-8.0603E+01
","-2.0992E+01
","-7.9655E+01
","-2.0939E+01
","-7.9308E+01
","-2.0915E+01
","-7.7779E+01
","-2.0885E+01
","-7.7287E+01
","-2.0908E+01
","-7.7250E+01
","-2.0935E+01
","-7.5674E+01
","-2.0951E+01
","-7.7385E+01
","-2.0978E+01
","-7.4363E+01
","-2.0983E+01
","-7.4370E+01
","-2.1029E+01
","-7.3859E+01
","-2.1045E+01
","-7.3113E+01
","-2.1021E+01
","-7.2672E+01
","-2.1044E+01
","-7.2596E+01
","-2.1066E+01
","-7.2301E+01
","-2.1043E+01
","-7.2318E+01
","-2.1170E+01
","-7.2713E+01
","-2.1176E+01
","-7.1563E+01
","-2.1263E+01
","-7.1693E+01
","-2.1392E+01
","-7.2104E+01
","-2.1429E+01
","-7.1986E+01
","-2.1523E+01
","-7.1524E+01
","-2.1646E+01
","-7.2174E+01
","-2.1748E+01
","-7.2455E+01
","-2.1833E+01
","-7.2803E+01
","-2.1855E+01
","-7.2775E+01
","-2.2338E+01
","-7.3339E+01
","-2.2137E+01
","-7.3670E+01
","-2.2283E+01
","-7.4543E+01
","-2.2521E+01
","-7.5257E+01
","-2.2811E+01
","-7.6133E+01
","-2.3007E+01
","-7.8806E+01
","-2.3379E+01
","-7.8856E+01
","-2.3688E+01
","-8.0312E+01
","-2.4077E+01
","-8.3665E+01
","-2.4586E+01
","-8.5421E+01
","-2.5080E+01
","-8.6964E+01
","-2.5844E+01
","-8.6307E+01
","-2.6744E+01
","-8.3722E+01
","-2.7715E+01
","-8.3229E+01
","-2.8895E+01
","-8.1166E+01
","-2.9941E+01
","-7.9610E+01
","-3.1445E+01
","-7.9210E+01
","-3.2953E+01
","-7.9556E+01
","-3.4702E+01
","-7.8273E+01
","-3.7060E+01
","-7.8214E+01
","-3.9846E+01
","-7.9007E+01
","-4.3371E+01
","-7.8689E+01
","-4.6677E+01
","-7.8882E+01
","-4.9732E+01
","-7.8984E+01
","-4.8329E+01
","-7.8680E+01
","-4.6067E+01
","-7.8538E+01
","-4.4420E+01
","-7.8771E+01
","-4.2790E+01
","-7.8609E+01
","-4.1290E+01
","-7.8494E+01
","-4.0286E+01
","-7.9051E+01
","-3.9402E+01
","-7.8103E+01
","-3.8849E+01
","-7.8460E+01
","-3.8550E+01
","-7.8592E+01
","-3.8212E+01
","-7.9135E+01
","-3.7951E+01
","-7.8396E+01
","-3.6932E+01
","-7.8753E+01
","-3.6481E+01
","-7.8907E+01
","-3.5987E+01
","-7.8947E+01
","-3.5752E+01
","-7.8120E+01
","-3.5676E+01
","-7.8564E+01
","-3.5544E+01
","-7.9801E+01
","-3.5559E+01
","-7.8890E+01
","-3.5395E+01
","-7.9941E+01
","-3.5418E+01
","-7.9470E+01
","-3.5202E+01
","-8.0085E+01
","-3.5234E+01
","-8.0042E+01
","-3.5332E+01
","-7.9696E+01
","-3.5104E+01
","-7.9013E+01
","-3.5123E+01
","-7.9867E+01
","-3.5349E+01
","-7.9478E+01
","-3.5150E+01
","-8.1393E+01
","-3.5071E+01
","-7.9886E+01
","-3.5326E+01
","-7.9765E+01
","-3.5488E+01
","-7.9440E+01
","-3.5122E+01
","-7.9622E+01
","-3.5532E+01
","-7.9214E+01
","-3.5702E+01
","-7.9518E+01
","-3.5520E+01
","-7.9405E+01
","-3.5527E+01
","-7.9976E+01
","-3.5852E+01
","-8.0597E+01
","-3.5794E+01
","-8.0369E+01
"
-16.0,"-3.4297E+01
","-8.0321E+01
","-3.4386E+01
","-8.1573E+01
","-3.4489E+01
","-7.9808E+01
","-3.4639E+01
","-8.1249E+01
","-3.4734E+01
","-8.1177E+01
","-3.4706E+01
","-7.9870E+01
","-3.4688E+01
","-7.9201E+01
","-3.4707E+01
","-8.0169E+01
","-3.4750E+01
","-8.0198E+01
","-3.4806E+01
","-8.0898E+01
","-3.4735E+01
","-8.0331E+01
","-3.4373E+01
","-7.9739E+01
","-3.3999E+01
","-7.9684E+01
","-3.3994E+01
","-8.0478E+01
","-3.4058E+01
","-7.9653E+01
","-3.4128E+01
","-7.8966E+01
","-3.4191E+01
","-7.8805E+01
","-3.4260E+01
","-7.9646E+01
","-3.4304E+01
","-7.9380E+01
","-3.4337E+01
","-7.9776E+01
","-3.4402E+01
","-7.9733E+01
","-3.4498E+01
","-7.8316E+01
","-3.4618E+01
","-7.9374E+01
","-3.4794E+01
","-7.9289E+01
","-3.5020E+01
","-7.8059E+01
","-3.5250E+01
","-7.9263E+01
","-3.5111E+01
","-8.1035E+01
","-3.4794E+01
","-7.9844E+01
","-3.4659E+01
","-7.9052E+01
","-3.4716E+01
","-7.9084E+01
","-3.4829E+01
","-7.8622E+01
","-3.4724E+01
","-7.8569E+01
","-3.4263E+01
","-7.9122E+01
","-3.4435E+01
","-8.0919E+01
","-3.4829E+01
","-7.9379E+01
","-3.5294E+01
","-7.8877E+01
","-3.5964E+01
","-7.9133E+01
","-3.6381E+01
","-7.9453E+01
","-3.4949E+01
","-7.8502E+01
","-3.4527E+01
","-7.8880E+01
","-3.4892E+01
","-7.8390E+01
","-3.5432E+01
","-7.9055E+01
","-3.6131E+01
","-7.8898E+01
","-3.6404E+01
","-7.8724E+01
","-3.6208E+01
","-7.9215E+01
","-3.6882E+01
","-7.8877E+01
","-3.7678E+01
","-7.9117E+01
","-3.8634E+01
","-7.9054E+01
","-3.9933E+01
","-7.9133E+01
","-4.1681E+01
","-7.8479E+01
","-4.4229E+01
","-7.9869E+01
","-4.8709E+01
","-7.9524E+01
","-6.1073E+01
","-8.0129E+01
","-5.1652E+01
","-8.2971E+01
","-4.3792E+01
","-7.9412E+01
","-3.9241E+01
","-7.8807E+01
","-3.5850E+01
","-7.6931E+01
","-3.3218E+01
","-7.8835E+01
","-3.0823E+01
","-7.8569E+01
","-2.8726E+01
","-7.8929E+01
","-2.6952E+01
","-7.8977E+01
","-2.5362E+01
","-7.9239E+01
","-2.3993E+01
","-8.1627E+01
","-2.2846E+01
","-8.2809E+01
","-2.1983E+01
","-8.7814E+01
","-2.1396E+01
","-8.4199E+01
","-2.0911E+01
","-8.1359E+01
","-2.0623E+01
","-7.8626E+01
","-2.0431E+01
","-7.7259E+01
","-2.0323E+01
","-7.5941E+01
","-2.0313E+01
","-7.4853E+01
","-2.0278E+01
","-7.4177E+01
","-2.0274E+01
","-7.4231E+01
","-2.0288E+01
","-7.2680E+01
","-2.0321E+01
","-7.2179E+01
","-2.0379E+01
","-7.2370E+01
","-2.0417E+01
","-7.1453E+01
","-2.0450E+01
","-7.2327E+01
","-2.0478E+01
","-7.1699E+01
","-2.0476E+01
","-7.1498E+01
","-2.0465E+01
","-7.1661E+01
","-2.0491E+01
","-7.1403E+01
","-2.0468E+01
","-7.1061E+01
","-2.0492E+01
","-7.0767E+01
","-2.0462E+01
","-7.0761E+01
","-2.0411E+01
","-7.1537E+01
","-2.0412E+01
","-7.1010E+01
","-2.0422E+01
","-7.1251E+01
","-2.0401E+01
","-7.0665E+01
","-2.0386E+01
","-7.0939E+01
","-2.0376E+01
","-7.1291E+01
","-2.0362E+01
","-7.1034E+01
","-2.0351E+01
","-7.1198E+01
","-2.0281E+01
","-7.0999E+01
","-2.0293E+01
","-7.1633E+01
","-2.0256E+01
","-7.2013E+01
","-2.0227E+01
","-7.1593E+01
","-2.0204E+01
","-7.2564E+01
","-2.0232E+01
","-7.3326E+01
","-2.0238E+01
","-7.3214E+01
","-2.0218E+01
","-7.2551E+01
","-2.0202E+01
","-7.3061E+01
","-2.0179E+01
","-7.4243E+01
","-3.0968E+01
","-3.0968E+01
","-2.0135E+01
","-7.4936E+01
","-2.0064E+01
","-7.4670E+01
","-2.0045E+01
","-7.5446E+01
","-2.0033E+01
","-7.5467E+01
","-2.0030E+01
","-7.5797E+01
","-2.0029E+01
","-7.7614E+01
","-2.0035E+01
","-7.7043E+01
","-2.0026E+01
","-7.7937E+01
","-2.0052E+01
","-7.8477E+01
","-2.0034E+01
","-7.8160E+01
","-1.9963E+01
","-7.8177E+01
","-1.9985E+01
","-7.8221E+01
","-1.9937E+01
","-7.7342E+01
","-1.9913E+01
","-7.7238E+01
","-1.9883E+01
","-7.5353E+01
","-1.9906E+01
","-7.6755E+01
","-1.9935E+01
","-7.4108E+01
","-1.9949E+01
","-7.3694E+01
","-1.9978E+01
","-7.3696E+01
","-1.9985E+01
","-7.2605E+01
","-2.0028E+01
","-7.1764E+01
","-2.0048E+01
","-7.1558E+01
","-2.0021E+01
","-7.1164E+01
","-2.1042E+01
","-7.0696E+01
","-2.0064E+01
","-7.0124E+01
","-2.0043E+01
","-6.9991E+01
","-2.0172E+01
","-7.0349E+01
","-2.0180E+01
","-6.9628E+01
","-2.0265E+01
","-6.9645E+01
","-2.0392E+01
","-7.0262E+01
","-2.0433E+01
","-6.9613E+01
","-2.0526E+01
","-6.9563E+01
","-2.0642E+01
","-7.0328E+01
","-2.0748E+01
","-7.0730E+01
","-2.0839E+01
","-7.0394E+01
","-2.0853E+01
","-7.0690E+01
","-2.1030E+01
","-7.1183E+01
","-2.1142E+01
","-7.1620E+01
","-2.1289E+01
","-7.2988E+01
","-2.1531E+01
","-7.4140E+01
","-2.1814E+01
","-7.4590E+01
","-2.2007E+01
","-7.5850E+01
","-2.2382E+01
","-7.8658E+01
","-2.2693E+01
","-7.8968E+01
","-2.3086E+01
","-8.5022E+01
","-2.3587E+01
","-8.4973E+01
","-2.4086E+01
","-8.6515E+01
","-2.4845E+01
","-8.4217E+01
","-2.5743E+01
","-8.1615E+01
","-2.6711E+01
","-8.0516E+01
","-2.7896E+01
","-7.8589E+01
","-2.8938E+01
","-8.1041E+01
","-3.0427E+01
","-7.8848E+01
","-3.1944E+01
","-7.6866E+01
","-3.3693E+01
","-7.6948E+01
","-3.6061E+01
","-7.7010E+01
","-3.8841E+01
","-7.7555E+01
","-4.2363E+01
","-7.6256E+01
","-4.5672E+01
","-7.7662E+01
","-4.8700E+01
","-7.6566E+01
","-4.7376E+01
","-7.6986E+01
","-4.4073E+01
","-7.8752E+01
","-4.3420E+01
","-7.6713E+01
","-4.1786E+01
","-7.6377E+01
","-4.0289E+01
","-7.6611E+01
","-3.9277E+01
","-7.6396E+01
","-3.8409E+01
","-7.6776E+01
","-3.7859E+01
","-7.7478E+01
","-3.7561E+01
","-7.6569E+01
","-3.7217E+01
","-7.6927E+01
","-3.6944E+01
","-7.6775E+01
","-3.5941E+01
","-7.7032E+01
","-3.5483E+01
","-7.6700E+01
","-3.4996E+01
","-7.6718E+01
","-3.4757E+01
","-7.8241E+01
","-3.4668E+01
","-7.6747E+01
","-3.4545E+01
","-7.7383E+01
","-3.4558E+01
","-7.7285E+01
","-3.4392E+01
","-7.6719E+01
","-3.4414E+01
","-7.7323E+01
","-3.4216E+01
","-7.7739E+01
","-3.4223E+01
","-7.7167E+01
","-3.4329E+01
","-7.7608E+01
","-3.4106E+01
","-7.7522E+01
","-3.4125E+01
","-7.7932E+01
","-3.4346E+01
","-7.7623E+01
","-3.4140E+01
","-7.7926E+01
","-3.4062E+01
","-7.7711E+01
","-3.4330E+01
","-7.7879E+01
","-3.4489E+01
","-7.7879E+01
","-3.4122E+01
","-7.7770E+01
","-3.4534E+01
","-7.9353E+01
","-3.4704E+01
","-7.8765E+01
","-3.4519E+01
","-7.8007E+01
","-3.4527E+01
","-7.8601E+01
","-3.4848E+01
","-7.7689E+01
","-3.4786E+01
","-7.8529E+01
"
-15.0,"-3.3296E+01
","-7.7929E+01
","-3.3385E+01
","-7.8634E+01
","-3.3488E+01
","-7.8504E+01
","-3.3635E+01
","-7.8345E+01
","-3.3730E+01
","-7.7922E+01
","-3.3710E+01
","-7.9162E+01
","-3.3688E+01
","-7.9854E+01
","-3.3701E+01
","-8.0501E+01
","-3.3742E+01
","-7.8466E+01
","-3.3801E+01
","-7.7838E+01
","-3.3733E+01
","-7.7989E+01
","-3.3367E+01
","-7.8194E+01
","-3.2997E+01
","-7.8557E+01
","-3.2994E+01
","-7.8210E+01
","-3.3059E+01
","-7.7799E+01
","-3.3130E+01
","-7.8589E+01
","-3.3193E+01
","-7.7807E+01
","-3.3255E+01
","-7.7378E+01
","-3.3305E+01
","-7.7829E+01
","-3.3345E+01
","-7.7621E+01
","-3.3397E+01
","-7.7616E+01
","-3.3493E+01
","-7.7646E+01
","-3.3618E+01
","-7.7752E+01
","-3.3789E+01
","-7.7168E+01
","-3.4019E+01
","-7.7449E+01
","-3.4228E+01
","-7.7791E+01
","-3.4116E+01
","-7.7524E+01
","-3.3788E+01
","-7.7988E+01
","-3.3656E+01
","-7.7841E+01
","-3.3714E+01
","-7.6692E+01
","-3.3829E+01
","-7.6786E+01
","-3.3716E+01
","-7.7001E+01
","-3.3259E+01
","-7.7607E+01
","-3.3437E+01
","-7.7821E+01
","-3.3826E+01
","-7.7116E+01
","-3.4288E+01
","-7.7007E+01
","-3.4961E+01
","-7.7146E+01
","-3.5371E+01
","-7.7107E+01
","-3.3953E+01
","-7.7173E+01
","-3.3517E+01
","-7.6815E+01
","-3.3893E+01
","-7.7660E+01
","-3.4423E+01
","-7.7503E+01
","-3.5127E+01
","-7.8950E+01
","-3.5401E+01
","-7.7207E+01
","-3.5196E+01
","-7.7870E+01
","-3.5868E+01
","-7.8265E+01
","-3.6681E+01
","-7.7906E+01
","-3.7643E+01
","-7.7204E+01
","-3.8942E+01
","-7.7793E+01
","-4.0684E+01
","-7.7595E+01
","-4.3245E+01
","-7.7531E+01
","-4.7700E+01
","-7.7832E+01
","-6.0120E+01
","-7.8160E+01
","-5.0643E+01
","-7.7653E+01
","-4.2798E+01
","-7.8844E+01
","-3.8252E+01
","-7.7634E+01
","-3.4854E+01
","-7.9040E+01
","-3.2219E+01
","-7.6756E+01
","-2.9821E+01
","-7.6943E+01
","-2.7723E+01
","-7.6553E+01
","-2.5949E+01
","-7.6352E+01
","-2.4363E+01
","-7.9443E+01
","-2.2990E+01
","-7.8229E+01
","-2.1846E+01
","-7.9046E+01
","-2.0985E+01
","-8.1662E+01
","-2.0435E+01
","-8.2027E+01
","-1.9914E+01
","-7.8903E+01
","-1.9623E+01
","-7.7067E+01
","-1.9431E+01
","-7.4601E+01
","-1.9322E+01
","-7.4465E+01
","-1.9311E+01
","-7.2259E+01
","-1.9274E+01
","-7.2305E+01
","-1.9271E+01
","-7.0925E+01
","-1.9279E+01
","-7.1574E+01
","-1.9315E+01
","-7.0405E+01
","-1.9376E+01
","-7.0103E+01
","-1.9407E+01
","-6.9830E+01
","-1.9444E+01
","-6.9879E+01
","-1.9473E+01
","-6.9741E+01
","-1.9470E+01
","-6.9195E+01
","-1.9476E+01
","-6.9180E+01
","-1.9481E+01
","-6.9487E+01
","-1.9457E+01
","-6.9092E+01
","-1.9487E+01
","-6.8854E+01
","-1.9451E+01
","-6.8550E+01
","-1.9406E+01
","-6.8992E+01
","-1.9402E+01
","-6.8871E+01
","-1.9413E+01
","-6.8789E+01
","-1.9389E+01
","-6.8945E+01
","-1.9377E+01
","-6.9022E+01
","-1.9367E+01
","-6.8935E+01
","-1.9356E+01
","-6.9053E+01
","-1.9341E+01
","-6.9004E+01
","-1.9273E+01
","-6.9292E+01
","-1.9280E+01
","-6.9620E+01
","-1.9252E+01
","-6.9793E+01
","-1.9220E+01
","-6.9658E+01
","-1.8222E+01
","-7.0067E+01
","-1.9221E+01
","-7.0289E+01
","-1.9227E+01
","-7.0745E+01
","-1.9211E+01
","-7.0606E+01
","-1.9191E+01
","-7.1100E+01
","-1.9169E+01
","-7.1530E+01
","-3.0968E+01
","-3.0968E+01
","-1.9126E+01
","-7.1944E+01
","-1.9061E+01
","-7.2308E+01
","-1.9037E+01
","-7.3157E+01
","-1.9025E+01
","-7.3968E+01
","-1.9025E+01
","-7.4224E+01
","-1.9021E+01
","-7.5901E+01
","-1.9025E+01
","-7.5673E+01
","-1.9017E+01
","-7.7850E+01
","-1.9046E+01
","-7.8961E+01
","-1.9029E+01
","-7.6792E+01
","-1.8960E+01
","-7.6099E+01
","-1.8976E+01
","-7.8272E+01
","-1.8932E+01
","-7.6146E+01
","-1.8910E+01
","-7.6197E+01
","-1.8878E+01
","-7.4063E+01
","-1.8903E+01
","-7.3380E+01
","-1.8932E+01
","-7.1950E+01
","-1.8945E+01
","-7.1178E+01
","-1.8975E+01
","-7.1181E+01
","-1.8983E+01
","-7.0812E+01
","-1.9027E+01
","-7.0812E+01
","-1.9047E+01
","-6.9105E+01
","-1.9022E+01
","-6.9422E+01
","-1.9045E+01
","-6.8557E+01
","-1.9068E+01
","-6.7721E+01
","-1.9048E+01
","-6.8699E+01
","-1.8164E+01
","-6.8355E+01
","-1.9184E+01
","-6.7646E+01
","-1.9270E+01
","-6.7913E+01
","-1.9396E+01
","-6.7630E+01
","-1.9434E+01
","-6.7579E+01
","-1.9527E+01
","-6.8114E+01
","-1.9652E+01
","-6.8089E+01
","-1.9753E+01
","-6.8115E+01
","-1.9843E+01
","-6.8565E+01
","-1.9859E+01
","-6.8827E+01
","-2.0035E+01
","-6.9277E+01
","-2.0146E+01
","-6.9497E+01
","-2.0295E+01
","-6.9891E+01
","-2.0533E+01
","-7.1725E+01
","-2.0817E+01
","-7.2409E+01
","-2.1008E+01
","-7.3409E+01
","-2.1390E+01
","-7.5447E+01
","-2.1695E+01
","-7.8623E+01
","-2.2084E+01
","-8.0864E+01
","-2.2592E+01
","-8.2269E+01
","-2.3089E+01
","-8.2255E+01
","-2.3849E+01
","-8.1990E+01
","-2.4744E+01
","-8.0637E+01
","-2.5713E+01
","-7.8118E+01
","-2.6895E+01
","-7.6597E+01
","-2.7938E+01
","-7.7885E+01
","-2.9432E+01
","-7.5872E+01
","-3.0944E+01
","-7.6477E+01
","-3.2685E+01
","-7.4969E+01
","-3.5053E+01
","-7.5283E+01
","-3.7825E+01
","-7.4811E+01
","-4.1358E+01
","-7.5235E+01
","-4.4661E+01
","-7.6648E+01
","-4.7713E+01
","-7.4536E+01
","-4.6354E+01
","-7.5245E+01
","-4.4099E+01
","-7.5555E+01
","-4.2449E+01
","-7.4821E+01
","-4.0799E+01
","-7.5255E+01
","-3.9287E+01
","-7.4305E+01
","-3.8290E+01
","-7.4324E+01
","-3.7425E+01
","-7.5274E+01
","-3.6094E+01
","-7.5029E+01
","-3.6562E+01
","-7.5333E+01
","-3.6217E+01
","-7.5223E+01
","-3.5944E+01
","-7.5121E+01
","-3.4947E+01
","-7.4879E+01
","-3.4484E+01
","-7.5053E+01
","-3.3985E+01
","-7.4778E+01
","-3.3755E+01
","-7.5175E+01
","-3.3674E+01
","-7.5004E+01
","-3.3547E+01
","-7.5393E+01
","-3.3564E+01
","-7.5123E+01
","-3.3397E+01
","-7.5710E+01
","-3.3424E+01
","-7.6007E+01
","-3.3207E+01
","-7.6077E+01
","-3.3222E+01
","-7.5588E+01
","-3.3328E+01
","-7.6731E+01
","-3.3102E+01
","-7.5678E+01
","-3.3127E+01
","-7.5443E+01
","-3.3347E+01
","-7.6298E+01
","-3.3139E+01
","-7.6869E+01
","-3.3072E+01
","-7.5982E+01
","-3.3323E+01
","-7.6472E+01
","-3.3482E+01
","-7.5961E+01
","-3.3123E+01
","-7.6341E+01
","-3.3505E+01
","-7.6610E+01
","-3.3701E+01
","-7.5746E+01
","-3.3524E+01
","-7.6201E+01
","-3.3524E+01
","-7.6853E+01
","-3.3855E+01
","-7.6519E+01
","-3.3795E+01
","-7.6295E+01
"
-14.0,"-3.2295E+01
","-7.6547E+01
","-3.2441E+01
","-8.0001E+01
","-3.2545E+01
","-7.9182E+01
","-3.2700E+01
","-7.9482E+01
","-3.2785E+01
","-8.1096E+01
","-3.2759E+01
","-8.2543E+01
","-3.3678E+01
","-7.8955E+01
","-3.2750E+01
","-8.0294E+01
","-3.2802E+01
","-8.1106E+01
","-3.2846E+01
","-8.1298E+01
","-3.2773E+01
","-8.0045E+01
","-3.2410E+01
","-7.9917E+01
","-3.2038E+01
","-8.0417E+01
","-3.2038E+01
","-7.8661E+01
","-3.2094E+01
","-7.8974E+01
","-3.2159E+01
","-7.9205E+01
","-3.2220E+01
","-7.8776E+01
","-3.2282E+01
","-7.8815E+01
","-3.2330E+01
","-7.9398E+01
","-3.2361E+01
","-7.8607E+01
","-3.2422E+01
","-7.8281E+01
","-3.2505E+01
","-7.9245E+01
","-3.2635E+01
","-7.8978E+01
","-3.2800E+01
","-7.9625E+01
","-3.3024E+01
","-7.8891E+01
","-3.3238E+01
","-7.8793E+01
","-3.3123E+01
","-7.8812E+01
","-3.2790E+01
","-7.8985E+01
","-3.2654E+01
","-7.9127E+01
","-3.2708E+01
","-8.0046E+01
","-3.2812E+01
","-7.8932E+01
","-3.2699E+01
","-7.9214E+01
","-3.2251E+01
","-7.8507E+01
","-3.2420E+01
","-7.8547E+01
","-3.2812E+01
","-7.8425E+01
","-3.3257E+01
","-7.8674E+01
","-3.3927E+01
","-7.9843E+01
","-3.4347E+01
","-7.9629E+01
","-3.2919E+01
","-8.0328E+01
","-3.2488E+01
","-7.8963E+01
","-3.2843E+01
","-7.9478E+01
","-3.3376E+01
","-8.0763E+01
","-3.4080E+01
","-7.9188E+01
","-3.4348E+01
","-7.9537E+01
","-3.4148E+01
","-7.9434E+01
","-3.4815E+01
","-7.8943E+01
","-3.5612E+01
","-7.9473E+01
","-3.6582E+01
","-7.9306E+01
","-3.7875E+01
","-8.0355E+01
","-3.9608E+01
","-8.0029E+01
","-4.2165E+01
","-8.0357E+01
","-4.6607E+01
","-8.2130E+01
","-5.9035E+01
","-8.0133E+01
","-4.9554E+01
","-7.9330E+01
","-4.1717E+01
","-7.9959E+01
","-3.7160E+01
","-7.9532E+01
","-3.3777E+01
","-7.8451E+01
","-3.1144E+01
","-7.9924E+01
","-2.8750E+01
","-7.8940E+01
","-2.6664E+01
","-7.8533E+01
","-2.4896E+01
","-7.8487E+01
","-2.3319E+01
","-7.7635E+01
","-2.1958E+01
","-7.7096E+01
","-2.0824E+01
","-7.8334E+01
","-1.9968E+01
","-7.6794E+01
","-1.9388E+01
","-7.6487E+01
","-1.8909E+01
","-7.4511E+01
","-1.8617E+01
","-7.3784E+01
","-1.9432E+01
","-7.2343E+01
","-1.8312E+01
","-7.1580E+01
","-1.8301E+01
","-7.1153E+01
","-1.8255E+01
","-7.0544E+01
","-1.8248E+01
","-7.0206E+01
","-1.8257E+01
","-6.9589E+01
","-1.8289E+01
","-6.9173E+01
","-1.8351E+01
","-6.9297E+01
","-1.8383E+01
","-6.9184E+01
","-1.8418E+01
","-6.9181E+01
","-1.8454E+01
","-6.8904E+01
","-1.8448E+01
","-6.8881E+01
","-1.8458E+01
","-6.8712E+01
","-1.8462E+01
","-6.8473E+01
","-1.8443E+01
","-6.8518E+01
","-1.8471E+01
","-6.8371E+01
","-1.8451E+01
","-6.8505E+01
","-1.8401E+01
","-6.8438E+01
","-1.8402E+01
","-6.8412E+01
","-1.8410E+01
","-6.8588E+01
","-1.8393E+01
","-6.8482E+01
","-1.8385E+01
","-6.8220E+01
","-1.8375E+01
","-6.8563E+01
","-1.8369E+01
","-6.8514E+01
","-1.8355E+01
","-6.8624E+01
","-1.8293E+01
","-6.8513E+01
","-1.8302E+01
","-6.8950E+01
","-1.8270E+01
","-6.8989E+01
","-1.8237E+01
","-6.9443E+01
","-1.8211E+01
","-6.9098E+01
","-1.8243E+01
","-6.9488E+01
","-1.8249E+01
","-6.9476E+01
","-1.8227E+01
","-6.9587E+01
","-1.8209E+01
","-7.0310E+01
","-1.8185E+01
","-7.0150E+01
","-3.0968E+01
","-3.0968E+01
","-1.8142E+01
","-7.0494E+01
","-1.8065E+01
","-7.0511E+01
","-1.8035E+01
","-7.0433E+01
","-1.8026E+01
","-7.1267E+01
","-1.8021E+01
","-7.0986E+01
","-1.8020E+01
","-7.1486E+01
","-1.8019E+01
","-7.1448E+01
","-1.8006E+01
","-7.1623E+01
","-1.8035E+01
","-7.2085E+01
","-1.8017E+01
","-7.1682E+01
","-1.7945E+01
","-7.2096E+01
","-1.7965E+01
","-7.2174E+01
","-1.7918E+01
","-7.1322E+01
","-1.7894E+01
","-7.0689E+01
","-1.7863E+01
","-7.0295E+01
","-1.7890E+01
","-6.9947E+01
","-1.7924E+01
","-6.9640E+01
","-1.7933E+01
","-6.9348E+01
","-1.7966E+01
","-6.9406E+01
","-1.7972E+01
","-6.8903E+01
","-1.8018E+01
","-6.8916E+01
","-1.8038E+01
","-6.8329E+01
","-1.8020E+01
","-6.7974E+01
","-1.8037E+01
","-6.7756E+01
","-1.8062E+01
","-6.7582E+01
","-1.8041E+01
","-6.7331E+01
","-1.8163E+01
","-6.7319E+01
","-1.8175E+01
","-6.7240E+01
","-1.8258E+01
","-6.7331E+01
","-1.8386E+01
","-6.7350E+01
","-1.8419E+01
","-6.7481E+01
","-1.8510E+01
","-6.7311E+01
","-1.8636E+01
","-6.7677E+01
","-1.8729E+01
","-6.8032E+01
","-1.8819E+01
","-6.8175E+01
","-1.8833E+01
","-6.8108E+01
","-1.9016E+01
","-6.8974E+01
","-1.9135E+01
","-6.9371E+01
","-1.9283E+01
","-6.9900E+01
","-1.9527E+01
","-7.0472E+01
","-1.9816E+01
","-7.1571E+01
","-2.0021E+01
","-7.2699E+01
","-2.0404E+01
","-7.4633E+01
","-2.0723E+01
","-7.6064E+01
","-2.1117E+01
","-7.9243E+01
","-2.1628E+01
","-8.1162E+01
","-2.2132E+01
","-9.0950E+01
","-2.2893E+01
","-8.8306E+01
","-2.3784E+01
","-8.3827E+01
","-2.4747E+01
","-8.2054E+01
","-2.5920E+01
","-7.9826E+01
","-2.6953E+01
","-8.1163E+01
","-2.8431E+01
","-7.8414E+01
","-2.9925E+01
","-7.7991E+01
","-3.1669E+01
","-8.0189E+01
","-3.4003E+01
","-7.8376E+01
","-3.6786E+01
","-7.7546E+01
","-4.0299E+01
","-7.8452E+01
","-4.3613E+01
","-7.7570E+01
","-4.6619E+01
","-7.7432E+01
","-4.5314E+01
","-7.7422E+01
","-4.3015E+01
","-7.5350E+01
","-4.1357E+01
","-7.7867E+01
","-3.9718E+01
","-7.7869E+01
","-3.8210E+01
","-8.0246E+01
","-3.7206E+01
","-7.8129E+01
","-3.6352E+01
","-7.8297E+01
","-3.5793E+01
","-7.7670E+01
","-3.5501E+01
","-7.8444E+01
","-3.5163E+01
","-7.7583E+01
","-3.4906E+01
","-7.7844E+01
","-3.3908E+01
","-7.7990E+01
","-3.3450E+01
","-7.7224E+01
","-3.2957E+01
","-7.7519E+01
","-3.2730E+01
","-7.7260E+01
","-3.2652E+01
","-7.8147E+01
","-3.3549E+01
","-7.8158E+01
","-3.2550E+01
","-7.8704E+01
","-3.3174E+01
","-7.9542E+01
","-3.2422E+01
","-7.9489E+01
","-3.2223E+01
","-7.7994E+01
","-3.2244E+01
","-7.8759E+01
","-3.2346E+01
","-7.8453E+01
","-3.2123E+01
","-7.8882E+01
","-3.3119E+01
","-7.9625E+01
","-3.2367E+01
","-7.9048E+01
","-3.2176E+01
","-7.9466E+01
","-3.2100E+01
","-7.9656E+01
","-3.2365E+01
","-7.9570E+01
","-3.2527E+01
","-7.9925E+01
","-3.2169E+01
","-7.9706E+01
","-3.2576E+01
","-7.9826E+01
","-3.2750E+01
","-8.0049E+01
","-3.2574E+01
","-7.9928E+01
","-3.2839E+01
","-7.9506E+01
","-3.2901E+01
","-7.9302E+01
","-3.2843E+01
","-7.9023E+01
"
-13.0,"-3.1355E+01
","-7.8604E+01
","-3.1434E+01
","-7.9013E+01
","-3.1543E+01
","-7.8175E+01
","-3.1686E+01
","-7.9944E+01
","-3.1780E+01
","-7.7747E+01
","-3.1757E+01
","-7.8344E+01
","-3.1735E+01
","-7.8017E+01
","-3.1749E+01
","-7.8374E+01
","-3.1793E+01
","-7.9244E+01
","-3.1845E+01
","-7.8314E+01
","-3.2778E+01
","-7.7350E+01
","-3.1567E+01
","-7.8379E+01
","-3.1045E+01
","-7.7918E+01
","-3.1024E+01
","-7.9465E+01
","-3.1091E+01
","-7.7470E+01
","-3.1155E+01
","-7.8346E+01
","-3.1219E+01
","-7.8693E+01
","-3.1277E+01
","-7.9165E+01
","-3.1326E+01
","-7.8124E+01
","-3.1355E+01
","-7.7938E+01
","-3.1414E+01
","-7.7214E+01
","-3.1510E+01
","-7.7523E+01
","-3.1629E+01
","-7.8147E+01
","-3.1793E+01
","-7.7578E+01
","-3.2025E+01
","-7.7732E+01
","-3.2183E+01
","-7.9558E+01
","-3.2109E+01
","-7.8075E+01
","-3.1780E+01
","-7.7173E+01
","-3.1652E+01
","-7.7529E+01
","-3.1702E+01
","-7.7903E+01
","-3.1811E+01
","-7.7341E+01
","-3.1697E+01
","-7.7143E+01
","-3.1246E+01
","-7.7455E+01
","-3.1414E+01
","-7.7784E+01
","-3.1804E+01
","-7.7151E+01
","-3.2260E+01
","-7.7154E+01
","-3.2927E+01
","-7.7510E+01
","-3.3338E+01
","-7.8283E+01
","-3.0921E+01
","-7.9473E+01
","-3.1484E+01
","-7.7589E+01
","-3.1844E+01
","-7.6678E+01
","-3.2373E+01
","-7.7524E+01
","-3.3080E+01
","-8.0461E+01
","-3.3346E+01
","-7.9000E+01
","-3.3144E+01
","-7.7523E+01
","-3.3810E+01
","-7.8278E+01
","-3.4608E+01
","-7.7926E+01
","-3.5580E+01
","-7.9524E+01
","-3.6858E+01
","-7.8272E+01
","-3.8606E+01
","-7.8498E+01
","-4.1179E+01
","-7.9808E+01
","-4.5625E+01
","-7.8189E+01
","-5.7922E+01
","-7.7785E+01
","-4.8576E+01
","-7.8259E+01
","-4.0705E+01
","-7.7788E+01
","-3.6642E+01
","-7.7401E+01
","-3.2775E+01
","-7.7709E+01
","-3.0141E+01
","-7.7359E+01
","-2.7746E+01
","-7.6724E+01
","-2.5661E+01
","-7.6439E+01
","-2.3895E+01
","-7.6117E+01
","-2.2314E+01
","-7.7648E+01
","-2.0955E+01
","-7.6038E+01
","-1.9825E+01
","-7.5673E+01
","-1.8966E+01
","-7.4850E+01
","-1.8387E+01
","-7.3493E+01
","-1.7906E+01
","-7.1996E+01
","-1.7615E+01
","-7.1224E+01
","-1.7421E+01
","-7.0409E+01
","-1.7312E+01
","-6.9485E+01
","-1.7291E+01
","-6.8979E+01
","-1.7252E+01
","-6.8686E+01
","-1.7243E+01
","-6.7885E+01
","-1.7253E+01
","-6.7887E+01
","-1.7284E+01
","-6.7769E+01
","-1.7343E+01
","-6.7363E+01
","-1.7376E+01
","-6.7109E+01
","-1.7413E+01
","-6.7039E+01
","-1.7447E+01
","-6.6994E+01
","-1.7444E+01
","-6.6893E+01
","-1.7456E+01
","-6.6733E+01
","-1.7456E+01
","-6.6872E+01
","-1.7435E+01
","-6.6568E+01
","-1.7463E+01
","-6.6820E+01
","-1.7440E+01
","-6.6557E+01
","-1.7396E+01
","-6.6135E+01
","-1.7394E+01
","-6.6424E+01
","-1.7408E+01
","-6.6743E+01
","-1.7386E+01
","-6.6282E+01
","-1.7379E+01
","-6.6548E+01
","-1.7368E+01
","-6.6354E+01
","-1.7362E+01
","-6.6965E+01
","-1.7348E+01
","-6.6742E+01
","-1.7288E+01
","-6.6764E+01
","-1.7292E+01
","-6.6885E+01
","-1.7263E+01
","-6.7506E+01
","-1.7235E+01
","-6.7295E+01
","-1.7209E+01
","-6.7247E+01
","-1.7232E+01
","-6.9362E+01
","-1.7237E+01
","-6.7537E+01
","-1.7219E+01
","-6.7866E+01
","-1.7201E+01
","-6.7603E+01
","-1.7175E+01
","-6.7909E+01
","-3.0968E+01
","-3.0968E+01
","-1.7129E+01
","-6.8406E+01
","-1.7059E+01
","-6.8935E+01
","-1.7032E+01
","-6.8926E+01
","-1.7018E+01
","-6.8974E+01
","-1.7017E+01
","-6.9063E+01
","-1.6006E+01
","-6.9714E+01
","-1.7014E+01
","-6.9519E+01
","-1.7001E+01
","-6.9389E+01
","-1.7033E+01
","-6.9816E+01
","-1.7012E+01
","-6.9818E+01
","-1.6946E+01
","-6.9954E+01
","-1.6961E+01
","-6.9701E+01
","-1.6915E+01
","-6.9722E+01
","-1.6895E+01
","-6.9230E+01
","-1.6860E+01
","-6.8398E+01
","-1.6886E+01
","-6.7966E+01
","-1.6916E+01
","-6.8149E+01
","-1.6933E+01
","-6.7611E+01
","-1.7963E+01
","-6.7416E+01
","-1.6973E+01
","-6.6949E+01
","-1.7018E+01
","-6.6711E+01
","-1.7037E+01
","-6.6532E+01
","-1.7016E+01
","-6.6284E+01
","-1.7036E+01
","-6.5745E+01
","-1.7060E+01
","-6.5685E+01
","-1.7039E+01
","-6.5379E+01
","-1.7161E+01
","-6.5349E+01
","-1.7175E+01
","-6.5151E+01
","-1.7258E+01
","-6.5060E+01
","-1.7382E+01
","-6.5433E+01
","-1.7422E+01
","-6.5422E+01
","-1.7510E+01
","-6.5341E+01
","-1.7638E+01
","-6.5795E+01
","-1.7804E+01
","-6.5977E+01
","-1.7821E+01
","-6.6036E+01
","-1.7838E+01
","-6.6750E+01
","-1.8018E+01
","-6.6691E+01
","-1.8134E+01
","-6.7174E+01
","-1.8283E+01
","-6.7881E+01
","-1.8527E+01
","-6.8663E+01
","-1.8819E+01
","-7.0022E+01
","-1.9020E+01
","-7.0694E+01
","-1.9408E+01
","-7.2958E+01
","-1.9725E+01
","-7.4548E+01
","-2.0120E+01
","-7.6934E+01
","-2.0624E+01
","-7.9236E+01
","-2.1128E+01
","-8.3553E+01
","-2.1890E+01
","-8.6689E+01
","-2.2785E+01
","-8.3644E+01
","-2.3746E+01
","-8.0787E+01
","-2.4920E+01
","-7.8679E+01
","-2.5953E+01
","-7.7568E+01
","-2.7429E+01
","-7.6341E+01
","-2.8925E+01
","-7.7107E+01
","-2.9654E+01
","-7.6063E+01
","-3.3004E+01
","-7.6212E+01
","-3.5771E+01
","-7.6425E+01
","-3.9288E+01
","-7.5994E+01
","-4.2606E+01
","-7.6420E+01
","-4.5619E+01
","-7.6463E+01
","-4.4313E+01
","-7.6628E+01
","-4.2023E+01
","-7.6109E+01
","-4.0357E+01
","-7.6067E+01
","-3.8722E+01
","-7.6094E+01
","-3.7213E+01
","-7.5931E+01
","-3.6215E+01
","-7.6011E+01
","-3.5357E+01
","-7.5997E+01
","-3.4797E+01
","-7.5903E+01
","-3.4501E+01
","-7.5979E+01
","-3.4162E+01
","-7.6402E+01
","-3.3898E+01
","-7.5709E+01
","-3.2904E+01
","-7.5832E+01
","-3.2439E+01
","-7.5710E+01
","-3.1957E+01
","-7.5859E+01
","-3.1723E+01
","-7.7569E+01
","-3.1650E+01
","-7.5825E+01
","-3.1531E+01
","-7.6780E+01
","-3.1551E+01
","-7.6462E+01
","-3.1369E+01
","-7.7892E+01
","-3.1421E+01
","-7.6199E+01
","-3.1219E+01
","-7.6545E+01
","-3.1236E+01
","-7.6992E+01
","-3.1335E+01
","-7.6561E+01
","-3.1121E+01
","-7.6991E+01
","-3.1143E+01
","-7.7356E+01
","-3.1371E+01
","-7.7180E+01
","-3.1175E+01
","-7.7747E+01
","-3.1103E+01
","-7.7206E+01
","-3.1368E+01
","-7.7517E+01
","-3.1527E+01
","-7.8205E+01
","-3.1159E+01
","-7.7036E+01
","-3.1573E+01
","-7.7763E+01
","-3.1754E+01
","-7.9251E+01
","-3.1573E+01
","-7.8808E+01
","-3.1578E+01
","-7.8211E+01
","-3.1898E+01
","-7.8185E+01
","-3.1848E+01
","-7.7852E+01
"
-12.0,"-3.0357E+01
","-7.6799E+01
","-3.0428E+01
","-7.9265E+01
","-3.0539E+01
","-7.7246E+01
","-3.0690E+01
","-7.7248E+01
","-3.0778E+01
","-7.7709E+01
","-3.0755E+01
","-7.9167E+01
","-3.0733E+01
","-7.7275E+01
","-3.0747E+01
","-7.7405E+01
","-3.0790E+01
","-7.6756E+01
","-3.0843E+01
","-7.8171E+01
","-3.0763E+01
","-7.7094E+01
","-3.0398E+01
","-7.6928E+01
","-3.0032E+01
","-7.7290E+01
","-3.0029E+01
","-7.7010E+01
","-3.0082E+01
","-7.7021E+01
","-3.0154E+01
","-7.7012E+01
","-3.0213E+01
","-7.5708E+01
","-3.0278E+01
","-7.6352E+01
","-3.0326E+01
","-7.6343E+01
","-3.0358E+01
","-7.6722E+01
","-3.0411E+01
","-7.6850E+01
","-3.1225E+01
","-7.6539E+01
","-3.0631E+01
","-7.6657E+01
","-3.0796E+01
","-7.6049E+01
","-3.1026E+01
","-7.5870E+01
","-3.1230E+01
","-7.6467E+01
","-3.1107E+01
","-7.7493E+01
","-3.0789E+01
","-7.5804E+01
","-3.0645E+01
","-7.7924E+01
","-3.0706E+01
","-7.6955E+01
","-3.0807E+01
","-7.5756E+01
","-3.0700E+01
","-7.6447E+01
","-3.0251E+01
","-7.6325E+01
","-3.0410E+01
","-7.6059E+01
","-3.0804E+01
","-7.6032E+01
","-3.1264E+01
","-7.5845E+01
","-3.1933E+01
","-7.5713E+01
","-3.2333E+01
","-7.6337E+01
","-3.0924E+01
","-7.6227E+01
","-3.0485E+01
","-7.5893E+01
","-3.0848E+01
","-7.5796E+01
","-3.1372E+01
","-7.6876E+01
","-3.2080E+01
","-7.6277E+01
","-3.2346E+01
","-7.6212E+01
","-3.2148E+01
","-7.6030E+01
","-3.2815E+01
","-7.6334E+01
","-3.3612E+01
","-7.5830E+01
","-3.4572E+01
","-7.8223E+01
","-3.5867E+01
","-7.6468E+01
","-3.7606E+01
","-7.6418E+01
","-4.0165E+01
","-7.6285E+01
","-4.4598E+01
","-7.6616E+01
","-5.6986E+01
","-7.8050E+01
","-4.7592E+01
","-7.7364E+01
","-3.9716E+01
","-7.7133E+01
","-3.5160E+01
","-7.6100E+01
","-3.1779E+01
","-7.6497E+01
","-2.9139E+01
","-7.5290E+01
","-2.6748E+01
","-7.6809E+01
","-2.4662E+01
","-7.4849E+01
","-2.2895E+01
","-7.4521E+01
","-2.1314E+01
","-7.4424E+01
","-1.9953E+01
","-7.4571E+01
","-1.8821E+01
","-7.3413E+01
","-1.7963E+01
","-7.2781E+01
","-1.7383E+01
","-7.1561E+01
","-1.6907E+01
","-7.0702E+01
","-1.6615E+01
","-6.9127E+01
","-1.6421E+01
","-6.8534E+01
","-1.6310E+01
","-6.7279E+01
","-1.6291E+01
","-6.6917E+01
","-1.6249E+01
","-6.6476E+01
","-1.6239E+01
","-6.5955E+01
","-1.6252E+01
","-6.5853E+01
","-1.6278E+01
","-6.5415E+01
","-1.6339E+01
","-6.5302E+01
","-1.6372E+01
","-6.4980E+01
","-1.6406E+01
","-6.5039E+01
","-1.6442E+01
","-6.5143E+01
","-1.6437E+01
","-6.4840E+01
","-1.6448E+01
","-6.4644E+01
","-1.6448E+01
","-6.4844E+01
","-1.7436E+01
","-6.6709E+01
","-1.6460E+01
","-6.4565E+01
","-1.6434E+01
","-6.4453E+01
","-1.6391E+01
","-6.4415E+01
","-1.6389E+01
","-6.4571E+01
","-1.6401E+01
","-6.4630E+01
","-1.6381E+01
","-6.4326E+01
","-1.6372E+01
","-6.4558E+01
","-1.6362E+01
","-6.4472E+01
","-1.7357E+01
","-6.4717E+01
","-1.6343E+01
","-6.4519E+01
","-1.6280E+01
","-6.4455E+01
","-1.6288E+01
","-6.4815E+01
","-1.6259E+01
","-6.5064E+01
","-1.6226E+01
","-6.5003E+01
","-1.5535E+01
","-6.7402E+01
","-1.6226E+01
","-6.5325E+01
","-1.6235E+01
","-6.5576E+01
","-1.6210E+01
","-6.5451E+01
","-1.6196E+01
","-6.6026E+01
","-1.6170E+01
","-6.6004E+01
","-3.0968E+01
","-3.0968E+01
","-1.7129E+01
","-6.6341E+01
","-1.6057E+01
","-6.6557E+01
","-1.6027E+01
","-6.7084E+01
","-1.6013E+01
","-6.6835E+01
","-1.6011E+01
","-6.7424E+01
","-1.6006E+01
","-6.7893E+01
","-1.6008E+01
","-6.7729E+01
","-1.5998E+01
","-6.7641E+01
","-1.6026E+01
","-6.8181E+01
","-1.6006E+01
","-6.7954E+01
","-1.5941E+01
","-6.8150E+01
","-1.5955E+01
","-6.7561E+01
","-1.5912E+01
","-6.7874E+01
","-1.5890E+01
","-6.6928E+01
","-1.5860E+01
","-6.8328E+01
","-1.5883E+01
","-6.6521E+01
","-1.5916E+01
","-6.5871E+01
","-1.5930E+01
","-6.5471E+01
","-1.5958E+01
","-6.5383E+01
","-1.5972E+01
","-6.5027E+01
","-1.6016E+01
","-6.4737E+01
","-1.6036E+01
","-6.4747E+01
","-1.6015E+01
","-6.4085E+01
","-1.6036E+01
","-6.3659E+01
","-1.6061E+01
","-6.3639E+01
","-1.6039E+01
","-6.3687E+01
","-1.6158E+01
","-6.3378E+01
","-1.6167E+01
","-6.3281E+01
","-1.6257E+01
","-6.3292E+01
","-1.6380E+01
","-6.1579E+01
","-1.6420E+01
","-6.3068E+01
","-1.6512E+01
","-6.3446E+01
","-1.6635E+01
","-6.3936E+01
","-1.6729E+01
","-6.3884E+01
","-1.6821E+01
","-6.4426E+01
","-1.6838E+01
","-6.4254E+01
","-1.7016E+01
","-6.6839E+01
","-1.7135E+01
","-6.5234E+01
","-1.7282E+01
","-6.5869E+01
","-1.7524E+01
","-6.6653E+01
","-1.8818E+01
","-6.7672E+01
","-1.8018E+01
","-6.8809E+01
","-1.8405E+01
","-7.0590E+01
","-1.8723E+01
","-7.1842E+01
","-1.9119E+01
","-7.4877E+01
","-1.9626E+01
","-7.8593E+01
","-2.0129E+01
","-8.2710E+01
","-2.0891E+01
","-8.6494E+01
","-2.1781E+01
","-8.2905E+01
","-2.2741E+01
","-7.9179E+01
","-2.3915E+01
","-7.8076E+01
","-2.4951E+01
","-7.6221E+01
","-2.6423E+01
","-7.6982E+01
","-2.7919E+01
","-7.5795E+01
","-2.9655E+01
","-7.4118E+01
","-3.2001E+01
","-7.4155E+01
","-3.4768E+01
","-7.4283E+01
","-3.8271E+01
","-7.3699E+01
","-4.1601E+01
","-7.4308E+01
","-4.4617E+01
","-7.4517E+01
","-4.3320E+01
","-7.4371E+01
","-4.1001E+01
","-7.4371E+01
","-3.9370E+01
","-7.4374E+01
","-3.7713E+01
","-7.4219E+01
","-3.6216E+01
","-7.3778E+01
","-3.5207E+01
","-7.3998E+01
","-3.4350E+01
","-7.3968E+01
","-3.3784E+01
","-7.5003E+01
","-3.3502E+01
","-7.4261E+01
","-3.3162E+01
","-7.3448E+01
","-3.2896E+01
","-7.3773E+01
","-3.1903E+01
","-7.3905E+01
","-3.1447E+01
","-7.3961E+01
","-3.0951E+01
","-7.3828E+01
","-3.0725E+01
","-7.3846E+01
","-3.0646E+01
","-7.4433E+01
","-3.0532E+01
","-7.4357E+01
","-3.0552E+01
","-7.4886E+01
","-3.0616E+01
","-7.4724E+01
","-3.1422E+01
","-7.5006E+01
","-3.0218E+01
","-7.4902E+01
","-3.0236E+01
","-7.4794E+01
","-3.0337E+01
","-7.5101E+01
","-3.0123E+01
","-7.5071E+01
","-3.0140E+01
","-7.5161E+01
","-3.0372E+01
","-7.5605E+01
","-3.0163E+01
","-7.5590E+01
","-3.0100E+01
","-7.5483E+01
","-3.0358E+01
","-7.5590E+01
","-3.0521E+01
","-7.5874E+01
","-3.0162E+01
","-7.5973E+01
","-3.0567E+01
","-7.6251E+01
","-3.0749E+01
","-7.6086E+01
","-3.0571E+01
","-7.5899E+01
","-3.0575E+01
","-7.6341E+01
","-3.0899E+01
","-7.5771E+01
","-3.0844E+01
","-7.5963E+01
"
-11.0,"-2.9352E+01
","-7.5244E+01
","-2.9427E+01
","-7.3949E+01
","-2.9535E+01
","-7.5390E+01
","-2.9685E+01
","-7.6094E+01
","-2.9773E+01
","-7.5775E+01
","-2.9752E+01
","-7.5278E+01
","-2.9761E+01
","-7.4967E+01
","-2.9740E+01
","-7.5338E+01
","-2.9786E+01
","-7.6323E+01
","-2.9835E+01
","-7.5825E+01
","-2.9746E+01
","-7.5005E+01
","-2.9397E+01
","-7.4763E+01
","-2.9036E+01
","-7.5897E+01
","-3.0025E+01
","-7.4721E+01
","-2.9089E+01
","-7.4717E+01
","-2.9149E+01
","-7.4695E+01
","-2.9210E+01
","-7.5061E+01
","-3.0277E+01
","-7.5829E+01
","-2.9322E+01
","-7.4342E+01
","-2.9348E+01
","-7.4673E+01
","-2.9412E+01
","-7.4393E+01
","-2.9509E+01
","-7.4220E+01
","-2.9624E+01
","-7.4628E+01
","-2.9793E+01
","-7.4250E+01
","-3.0019E+01
","-7.4648E+01
","-3.0236E+01
","-7.5005E+01
","-3.0111E+01
","-7.4697E+01
","-3.0458E+01
","-7.4451E+01
","-2.9642E+01
","-7.4329E+01
","-2.9699E+01
","-7.5100E+01
","-2.9807E+01
","-7.4869E+01
","-2.9698E+01
","-7.3991E+01
","-2.9250E+01
","-7.4378E+01
","-2.9411E+01
","-7.4246E+01
","-2.9802E+01
","-7.4539E+01
","-3.0257E+01
","-7.4224E+01
","-3.0927E+01
","-7.4518E+01
","-3.1330E+01
","-7.4513E+01
","-2.9924E+01
","-7.4784E+01
","-2.9484E+01
","-7.4307E+01
","-2.9835E+01
","-7.4100E+01
","-3.0372E+01
","-7.4647E+01
","-3.1070E+01
","-7.4798E+01
","-3.1348E+01
","-7.4853E+01
","-3.1141E+01
","-7.4061E+01
","-3.1816E+01
","-7.4597E+01
","-3.2608E+01
","-7.4583E+01
","-3.3578E+01
","-7.4546E+01
","-3.4853E+01
","-7.5276E+01
","-3.6607E+01
","-7.4551E+01
","-3.9109E+01
","-7.6279E+01
","-4.3627E+01
","-7.5108E+01
","-5.5953E+01
","-7.5257E+01
","-4.6593E+01
","-7.4987E+01
","-3.8725E+01
","-7.5534E+01
","-3.4159E+01
","-7.4922E+01
","-3.0777E+01
","-7.4424E+01
","-2.8135E+01
","-7.3397E+01
","-2.5746E+01
","-7.3033E+01
","-2.3663E+01
","-7.2857E+01
","-2.1892E+01
","-7.3380E+01
","-2.0313E+01
","-7.2691E+01
","-1.8951E+01
","-7.2129E+01
","-1.8818E+01
","-7.1525E+01
","-1.6965E+01
","-7.0724E+01
","-1.6384E+01
","-6.9728E+01
","-1.5906E+01
","-6.8313E+01
","-1.5614E+01
","-6.7294E+01
","-1.5419E+01
","-6.6265E+01
","-1.5307E+01
","-6.5594E+01
","-1.5290E+01
","-6.4910E+01
","-1.5247E+01
","-6.4485E+01
","-1.5238E+01
","-6.4040E+01
","-1.5248E+01
","-6.3697E+01
","-1.5279E+01
","-6.3621E+01
","-1.5337E+01
","-6.3221E+01
","-1.5369E+01
","-6.3157E+01
","-1.5404E+01
","-6.2968E+01
","-1.5440E+01
","-6.2760E+01
","-1.5432E+01
","-6.2825E+01
","-1.5443E+01
","-6.2813E+01
","-1.5444E+01
","-6.2916E+01
","-1.5427E+01
","-6.2697E+01
","-1.5453E+01
","-6.2534E+01
","-1.5426E+01
","-6.2411E+01
","-1.5385E+01
","-6.2525E+01
","-1.5383E+01
","-6.2431E+01
","-1.5398E+01
","-6.2482E+01
","-1.5379E+01
","-6.2409E+01
","-1.5366E+01
","-6.2531E+01
","-1.5354E+01
","-6.2442E+01
","-1.5354E+01
","-6.2389E+01
","-1.5334E+01
","-6.2511E+01
","-1.5277E+01
","-6.2718E+01
","-1.5283E+01
","-6.2697E+01
","-1.5253E+01
","-6.2996E+01
","-1.5225E+01
","-6.3212E+01
","-1.5197E+01
","-6.3041E+01
","-1.5220E+01
","-6.3204E+01
","-1.5228E+01
","-6.3404E+01
","-1.5207E+01
","-6.3557E+01
","-1.5193E+01
","-6.3878E+01
","-1.5163E+01
","-6.3878E+01
","-3.0968E+01
","-3.0968E+01
","-1.5120E+01
","-6.4702E+01
","-1.5051E+01
","-6.4986E+01
","-1.5025E+01
","-6.4965E+01
","-1.5013E+01
","-6.5068E+01
","-1.5008E+01
","-6.5196E+01
","-1.5000E+01
","-6.5787E+01
","-1.5006E+01
","-6.5675E+01
","-1.4995E+01
","-6.5655E+01
","-1.5025E+01
","-6.5925E+01
","-1.5004E+01
","-6.6013E+01
","-1.4936E+01
","-6.6073E+01
","-1.4956E+01
","-6.5686E+01
","-1.4909E+01
","-6.5446E+01
","-1.4886E+01
","-6.5222E+01
","-1.4857E+01
","-6.4709E+01
","-1.4882E+01
","-6.4575E+01
","-1.4913E+01
","-6.3927E+01
","-1.4927E+01
","-6.3916E+01
","-1.4959E+01
","-6.3610E+01
","-1.4968E+01
","-6.2905E+01
","-1.5016E+01
","-6.2810E+01
","-1.5037E+01
","-6.2380E+01
","-1.5016E+01
","-6.2127E+01
","-1.4035E+01
","-6.1992E+01
","-1.5063E+01
","-5.9753E+01
","-1.5038E+01
","-6.1533E+01
","-1.5158E+01
","-6.1478E+01
","-1.5170E+01
","-6.1269E+01
","-1.5256E+01
","-6.1340E+01
","-1.5380E+01
","-6.1405E+01
","-1.5425E+01
","-6.1312E+01
","-1.5514E+01
","-6.1449E+01
","-1.5638E+01
","-6.1524E+01
","-1.6729E+01
","-6.2208E+01
","-1.5821E+01
","-6.2249E+01
","-1.5839E+01
","-6.2293E+01
","-1.6015E+01
","-6.2868E+01
","-1.6134E+01
","-6.3169E+01
","-1.6282E+01
","-6.3708E+01
","-1.6526E+01
","-6.5165E+01
","-1.6817E+01
","-6.5794E+01
","-1.7019E+01
","-6.8756E+01
","-1.8405E+01
","-6.8513E+01
","-1.7723E+01
","-7.0171E+01
","-1.8116E+01
","-7.2951E+01
","-1.8625E+01
","-7.5379E+01
","-1.9128E+01
","-8.0278E+01
","-1.9889E+01
","-8.8896E+01
","-2.0782E+01
","-8.1402E+01
","-2.1742E+01
","-7.7171E+01
","-2.2915E+01
","-7.4854E+01
","-2.2939E+01
","-7.4581E+01
","-2.5418E+01
","-7.3152E+01
","-2.6920E+01
","-7.2606E+01
","-2.8649E+01
","-7.2404E+01
","-3.0998E+01
","-7.2562E+01
","-3.3759E+01
","-7.3187E+01
","-3.7277E+01
","-7.2391E+01
","-4.0594E+01
","-7.2209E+01
","-4.3608E+01
","-7.3235E+01
","-4.2285E+01
","-7.2531E+01
","-4.0003E+01
","-7.3732E+01
","-3.8359E+01
","-7.2270E+01
","-3.6702E+01
","-7.2223E+01
","-3.5212E+01
","-7.1978E+01
","-3.4208E+01
","-7.2116E+01
","-3.3348E+01
","-7.1950E+01
","-3.2791E+01
","-7.1908E+01
","-3.2497E+01
","-7.2671E+01
","-3.2162E+01
","-7.2107E+01
","-3.1905E+01
","-7.1583E+01
","-3.0899E+01
","-7.2264E+01
","-3.0443E+01
","-7.1993E+01
","-2.9959E+01
","-7.1553E+01
","-2.9727E+01
","-7.1847E+01
","-2.9645E+01
","-7.2334E+01
","-2.9528E+01
","-7.2632E+01
","-2.9549E+01
","-7.2642E+01
","-2.9389E+01
","-7.2796E+01
","-2.9421E+01
","-7.2876E+01
","-2.9220E+01
","-7.2972E+01
","-2.9233E+01
","-7.3138E+01
","-2.9339E+01
","-7.3135E+01
","-2.9126E+01
","-7.3038E+01
","-2.9143E+01
","-7.3116E+01
","-2.9367E+01
","-7.3096E+01
","-2.9166E+01
","-7.3309E+01
","-2.9095E+01
","-7.3705E+01
","-2.9355E+01
","-7.3910E+01
","-2.9522E+01
","-7.3340E+01
","-2.9158E+01
","-7.3820E+01
","-2.9572E+01
","-7.3468E+01
","-2.9745E+01
","-7.3509E+01
","-2.9567E+01
","-7.3740E+01
","-2.9580E+01
","-7.4329E+01
","-2.9899E+01
","-7.4102E+01
","-2.9843E+01
","-7.4061E+01
"
-10.0,"-2.8351E+01
","-7.3841E+01
","-2.7700E+01
","-7.4071E+01
","-2.8534E+01
","-7.4344E+01
","-2.8685E+01
","-7.3544E+01
","-2.8777E+01
","-7.3426E+01
","-2.8749E+01
","-7.3331E+01
","-2.8725E+01
","-7.5047E+01
","-2.9744E+01
","-7.3713E+01
","-2.8783E+01
","-7.3940E+01
","-2.9137E+01
","-7.3406E+01
","-2.9481E+01
","-7.3824E+01
","-2.9401E+01
","-7.3943E+01
","-2.8026E+01
","-7.3256E+01
","-2.8026E+01
","-7.3037E+01
","-2.8082E+01
","-7.3219E+01
","-2.8152E+01
","-7.4518E+01
","-2.8213E+01
","-7.3935E+01
","-2.8272E+01
","-7.3496E+01
","-2.8324E+01
","-7.4051E+01
","-2.9348E+01
","-7.2692E+01
","-2.8410E+01
","-7.3326E+01
","-2.8507E+01
","-7.3212E+01
","-2.8623E+01
","-7.2923E+01
","-2.8791E+01
","-7.2403E+01
","-2.9020E+01
","-7.2672E+01
","-2.9235E+01
","-7.2755E+01
","-2.9104E+01
","-7.3056E+01
","-2.8781E+01
","-7.3123E+01
","-2.8643E+01
","-7.4075E+01
","-2.8698E+01
","-7.2889E+01
","-2.8809E+01
","-7.2858E+01
","-2.8704E+01
","-7.2879E+01
","-2.8244E+01
","-7.2803E+01
","-2.8409E+01
","-7.2709E+01
","-2.8800E+01
","-7.2443E+01
","-2.9256E+01
","-7.2637E+01
","-2.9921E+01
","-7.3381E+01
","-3.0332E+01
","-7.2822E+01
","-2.8919E+01
","-7.2940E+01
","-2.8484E+01
","-7.2442E+01
","-2.8841E+01
","-7.2454E+01
","-2.9369E+01
","-7.2486E+01
","-3.0077E+01
","-7.3037E+01
","-3.0346E+01
","-7.3114E+01
","-3.0140E+01
","-7.2521E+01
","-3.0806E+01
","-7.2899E+01
","-3.1603E+01
","-7.2479E+01
","-3.2563E+01
","-7.2894E+01
","-3.3857E+01
","-7.3001E+01
","-3.5599E+01
","-7.3909E+01
","-3.8160E+01
","-7.3454E+01
","-4.2612E+01
","-7.3124E+01
","-5.4947E+01
","-7.3280E+01
","-4.5580E+01
","-7.3021E+01
","-3.7702E+01
","-7.3192E+01
","-3.3166E+01
","-7.2869E+01
","-2.9782E+01
","-7.2056E+01
","-2.7136E+01
","-7.2339E+01
","-2.4748E+01
","-7.1466E+01
","-2.2660E+01
","-7.1085E+01
","-2.0892E+01
","-7.0982E+01
","-1.9311E+01
","-7.0827E+01
","-1.7951E+01
","-7.0677E+01
","-1.6815E+01
","-6.9586E+01
","-1.5963E+01
","-6.9719E+01
","-1.5385E+01
","-6.8109E+01
","-1.4905E+01
","-6.6343E+01
","-1.4616E+01
","-6.5288E+01
","-1.4417E+01
","-6.4315E+01
","-1.4308E+01
","-6.3484E+01
","-1.4289E+01
","-6.3030E+01
","-1.4244E+01
","-6.2383E+01
","-1.4238E+01
","-6.2060E+01
","-1.4248E+01
","-6.1775E+01
","-1.4274E+01
","-6.1473E+01
","-1.4335E+01
","-6.1232E+01
","-1.4366E+01
","-6.1138E+01
","-1.4400E+01
","-6.1035E+01
","-1.4434E+01
","-6.0950E+01
","-1.4428E+01
","-6.0774E+01
","-1.4440E+01
","-6.0838E+01
","-1.4440E+01
","-6.0859E+01
","-1.4423E+01
","-6.0525E+01
","-1.4448E+01
","-6.0767E+01
","-1.4421E+01
","-6.0400E+01
","-1.4383E+01
","-6.0475E+01
","-1.4381E+01
","-6.0490E+01
","-1.4393E+01
","-6.0558E+01
","-1.4370E+01
","-6.0502E+01
","-1.4361E+01
","-6.0487E+01
","-1.4355E+01
","-6.0458E+01
","-1.4349E+01
","-6.0587E+01
","-1.4334E+01
","-6.0528E+01
","-1.4275E+01
","-6.0344E+01
","-1.4281E+01
","-6.0791E+01
","-1.3378E+01
","-6.0927E+01
","-1.4221E+01
","-6.1245E+01
","-1.4195E+01
","-6.1010E+01
","-1.4221E+01
","-6.1342E+01
","-1.4226E+01
","-6.1404E+01
","-1.4202E+01
","-6.1438E+01
","-1.4189E+01
","-6.1989E+01
","-1.4158E+01
","-6.2157E+01
","-3.0968E+01
","-3.0968E+01
","-1.4120E+01
","-6.2419E+01
","-1.4048E+01
","-6.2283E+01
","-1.4022E+01
","-6.2867E+01
","-1.4008E+01
","-6.3088E+01
","-1.4006E+01
","-6.3063E+01
","-1.3996E+01
","-6.3604E+01
","-1.4003E+01
","-6.3640E+01
","-1.3990E+01
","-6.3765E+01
","-1.4019E+01
","-6.3848E+01
","-1.4001E+01
","-6.4140E+01
","-1.3934E+01
","-6.3981E+01
","-1.3950E+01
","-6.3818E+01
","-1.3907E+01
","-6.3542E+01
","-1.3887E+01
","-6.3411E+01
","-1.3854E+01
","-6.2747E+01
","-1.3881E+01
","-6.2668E+01
","-1.3914E+01
","-6.2062E+01
","-1.3928E+01
","-6.1659E+01
","-1.3959E+01
","-6.1878E+01
","-1.3970E+01
","-6.1103E+01
","-1.4015E+01
","-6.0954E+01
","-1.4034E+01
","-6.0283E+01
","-1.4015E+01
","-6.0128E+01
","-1.4038E+01
","-5.9776E+01
","-1.4060E+01
","-5.9721E+01
","-1.4037E+01
","-5.9575E+01
","-1.4159E+01
","-5.9541E+01
","-1.4171E+01
","-5.9404E+01
","-1.4254E+01
","-5.9318E+01
","-1.4379E+01
","-5.9316E+01
","-1.4422E+01
","-5.9301E+01
","-1.4514E+01
","-5.9391E+01
","-1.4637E+01
","-5.9714E+01
","-1.4729E+01
","-5.9917E+01
","-1.4819E+01
","-6.0343E+01
","-1.4838E+01
","-6.0737E+01
","-1.5014E+01
","-6.0700E+01
","-1.5133E+01
","-6.1202E+01
","-1.5282E+01
","-6.1957E+01
","-1.5527E+01
","-6.2662E+01
","-1.5817E+01
","-6.3516E+01
","-1.6023E+01
","-6.4703E+01
","-1.6404E+01
","-6.6486E+01
","-1.6722E+01
","-6.8887E+01
","-1.7116E+01
","-7.0581E+01
","-1.7624E+01
","-7.3931E+01
","-1.8128E+01
","-7.9105E+01
","-1.8886E+01
","-8.5339E+01
","-1.9777E+01
","-8.0928E+01
","-2.0741E+01
","-7.5871E+01
","-2.1915E+01
","-7.3828E+01
","-2.2942E+01
","-7.2354E+01
","-2.4418E+01
","-7.1307E+01
","-2.5918E+01
","-7.0911E+01
","-2.7645E+01
","-7.0661E+01
","-2.9995E+01
","-7.0841E+01
","-3.2770E+01
","-7.0666E+01
","-3.6269E+01
","-7.0725E+01
","-3.9586E+01
","-7.0745E+01
","-4.2629E+01
","-7.0730E+01
","-4.1303E+01
","-7.0266E+01
","-3.9009E+01
","-7.0577E+01
","-3.7362E+01
","-7.0210E+01
","-3.5711E+01
","-7.0694E+01
","-3.4205E+01
","-7.0068E+01
","-3.3208E+01
","-7.0235E+01
","-3.2355E+01
","-7.0002E+01
","-3.1788E+01
","-7.0145E+01
","-3.1501E+01
","-7.0228E+01
","-3.1159E+01
","-7.0406E+01
","-3.0899E+01
","-6.9886E+01
","-2.9907E+01
","-7.0223E+01
","-2.9446E+01
","-6.9870E+01
","-2.8955E+01
","-7.0023E+01
","-2.8727E+01
","-7.0249E+01
","-2.8647E+01
","-7.0202E+01
","-2.8529E+01
","-7.0462E+01
","-2.8555E+01
","-7.0601E+01
","-2.8388E+01
","-7.1404E+01
","-2.8418E+01
","-7.0835E+01
","-2.8219E+01
","-7.0820E+01
","-2.8229E+01
","-7.0841E+01
","-2.8339E+01
","-7.1992E+01
","-2.8122E+01
","-7.1166E+01
","-2.8138E+01
","-7.1538E+01
","-2.8369E+01
","-7.1306E+01
","-2.8171E+01
","-7.1321E+01
","-2.8098E+01
","-7.1622E+01
","-2.8356E+01
","-7.1645E+01
","-2.8525E+01
","-7.1618E+01
","-2.8160E+01
","-7.2150E+01
","-2.8568E+01
","-7.1845E+01
","-2.8751E+01
","-7.1717E+01
","-2.8565E+01
","-7.1952E+01
","-2.8577E+01
","-7.1747E+01
","-2.8894E+01
","-7.2060E+01
","-2.8850E+01
","-7.1921E+01
"
-9.0,"-2.7629E+01
","-7.4335E+01
","-2.7695E+01
","-7.6562E+01
","-2.7800E+01
","-7.5680E+01
","-2.7941E+01
","-7.4985E+01
","-2.8027E+01
","-7.4761E+01
","-2.7986E+01
","-7.4547E+01
","-2.7957E+01
","-7.5480E+01
","-2.7952E+01
","-7.4750E+01
","-2.7987E+01
","-7.5733E+01
","-2.8033E+01
","-7.4515E+01
","-2.7942E+01
","-7.4678E+01
","-2.7565E+01
","-7.5504E+01
","-2.7194E+01
","-7.5028E+01
","-2.7179E+01
","-7.4367E+01
","-2.8083E+01
","-7.3265E+01
","-2.7276E+01
","-7.3933E+01
","-2.8212E+01
","-7.4168E+01
","-2.7378E+01
","-7.4476E+01
","-2.7407E+01
","-7.4568E+01
","-2.7426E+01
","-7.4058E+01
","-2.7469E+01
","-7.4279E+01
","-2.7552E+01
","-7.4277E+01
","-2.7650E+01
","-7.4253E+01
","-2.7801E+01
","-7.4115E+01
","-2.8004E+01
","-7.4290E+01
","-2.8197E+01
","-7.4463E+01
","-2.8058E+01
","-7.4907E+01
","-2.7725E+01
","-7.4613E+01
","-2.7567E+01
","-7.4735E+01
","-2.7605E+01
","-7.4523E+01
","-2.7699E+01
","-7.4357E+01
","-2.7584E+01
","-7.4026E+01
","-2.7123E+01
","-7.4259E+01
","-2.7262E+01
","-7.4425E+01
","-2.7628E+01
","-7.3563E+01
","-2.8059E+01
","-7.4431E+01
","-2.8706E+01
","-7.4506E+01
","-2.9114E+01
","-7.4936E+01
","-2.7717E+01
","-7.4895E+01
","-2.7259E+01
","-7.4464E+01
","-2.7580E+01
","-7.4662E+01
","-2.8085E+01
","-7.4617E+01
","-2.8769E+01
","-7.4437E+01
","-2.9024E+01
","-7.4514E+01
","-2.8807E+01
","-7.4530E+01
","-2.9450E+01
","-7.4693E+01
","-3.0224E+01
","-7.4446E+01
","-3.1177E+01
","-7.5453E+01
","-3.2444E+01
","-7.5762E+01
","-3.4182E+01
","-7.5156E+01
","-3.6733E+01
","-7.5705E+01
","-4.1159E+01
","-7.5870E+01
","-5.3515E+01
","-7.6090E+01
","-4.4133E+01
","-7.5612E+01
","-3.6274E+01
","-7.4787E+01
","-3.1734E+01
","-7.4917E+01
","-2.8360E+01
","-7.5057E+01
","-2.5746E+01
","-7.3003E+01
","-2.3392E+01
","-7.3455E+01
","-2.1348E+01
","-7.1852E+01
","-1.9627E+01
","-7.0916E+01
","-1.8114E+01
","-6.9804E+01
","-1.6805E+01
","-6.8080E+01
","-1.5719E+01
","-6.6870E+01
","-1.4903E+01
","-6.5524E+01
","-1.4344E+01
","-6.4261E+01
","-1.3879E+01
","-6.3101E+01
","-1.3580E+01
","-6.2038E+01
","-1.3372E+01
","-6.1377E+01
","-1.3248E+01
","-6.0937E+01
","-1.3215E+01
","-6.0601E+01
","-1.3157E+01
","-6.0298E+01
","-1.3139E+01
","-6.0152E+01
","-1.3139E+01
","-5.9774E+01
","-1.3163E+01
","-5.9677E+01
","-1.3224E+01
","-5.9599E+01
","-1.3263E+01
","-5.9625E+01
","-1.3306E+01
","-5.9616E+01
","-1.3342E+01
","-5.9679E+01
","-1.3347E+01
","-5.9473E+01
","-1.3373E+01
","-5.9530E+01
","-1.3385E+01
","-5.9662E+01
","-1.3385E+01
","-5.9441E+01
","-1.3427E+01
","-5.9358E+01
","-1.3419E+01
","-5.9362E+01
","-1.3392E+01
","-5.9238E+01
","-1.3407E+01
","-5.9411E+01
","-1.3435E+01
","-5.9405E+01
","-1.3427E+01
","-5.9447E+01
","-1.3431E+01
","-5.9580E+01
","-1.3435E+01
","-5.9429E+01
","-1.3444E+01
","-5.9494E+01
","-1.3435E+01
","-5.9482E+01
","-1.3388E+01
","-5.9408E+01
","-1.3400E+01
","-5.9600E+01
","-1.3371E+01
","-5.9879E+01
","-1.3343E+01
","-5.9934E+01
","-1.3316E+01
","-5.9901E+01
","-1.3339E+01
","-5.9986E+01
","-1.3339E+01
","-6.0083E+01
","-1.3306E+01
","-6.0131E+01
","-1.3283E+01
","-6.0144E+01
","-1.3240E+01
","-6.0166E+01
","-3.0968E+01
","-3.0968E+01
","-1.3176E+01
","-6.0407E+01
","-1.3095E+01
","-6.0396E+01
","-1.3053E+01
","-6.0484E+01
","-1.3022E+01
","-6.0459E+01
","-1.3002E+01
","-6.0276E+01
","-1.2981E+01
","-6.0324E+01
","-1.2976E+01
","-6.0868E+01
","-1.2952E+01
","-6.0495E+01
","-1.2973E+01
","-6.0570E+01
","-1.2950E+01
","-6.0523E+01
","-1.2879E+01
","-6.0483E+01
","-1.2888E+01
","-6.0408E+01
","-1.2842E+01
","-6.0078E+01
","-1.2819E+01
","-5.9826E+01
","-1.2792E+01
","-5.9613E+01
","-1.2813E+01
","-5.9335E+01
","-1.2854E+01
","-6.2062E+01
","-1.2874E+01
","-5.9210E+01
","-1.2908E+01
","-5.9190E+01
","-1.2921E+01
","-5.8888E+01
","-1.2974E+01
","-5.8918E+01
","-1.2996E+01
","-5.8581E+01
","-1.2977E+01
","-5.8441E+01
","-1.2991E+01
","-5.8216E+01
","-1.4061E+01
","-5.8311E+01
","-1.2982E+01
","-5.8196E+01
","-1.3095E+01
","-5.8292E+01
","-1.3098E+01
","-5.8098E+01
","-1.3173E+01
","-5.8055E+01
","-1.3286E+01
","-5.8199E+01
","-1.3318E+01
","-5.8139E+01
","-1.3405E+01
","-5.8296E+01
","-1.3517E+01
","-5.8547E+01
","-1.3605E+01
","-5.8830E+01
","-1.3695E+01
","-5.9101E+01
","-1.3714E+01
","-5.9145E+01
","-1.3899E+01
","-5.9635E+01
","-1.4037E+01
","-6.0178E+01
","-1.4207E+01
","-6.0683E+01
","-1.4477E+01
","-6.1355E+01
","-1.4810E+01
","-6.2363E+01
","-1.5046E+01
","-6.3083E+01
","-1.5474E+01
","-6.4883E+01
","-1.5832E+01
","-6.6159E+01
","-1.6539E+01
","-6.7736E+01
","-1.6805E+01
","-6.9458E+01
","-1.7343E+01
","-7.1464E+01
","-1.8105E+01
","-7.5026E+01
","-1.8995E+01
","-7.6666E+01
","-1.9934E+01
","-7.7998E+01
","-2.1062E+01
","-7.6759E+01
","-2.2051E+01
","-7.5328E+01
","-2.3460E+01
","-7.5087E+01
","-2.4896E+01
","-7.4272E+01
","-2.6546E+01
","-7.3487E+01
","-2.8811E+01
","-7.4150E+01
","-3.1512E+01
","-7.3761E+01
","-3.4960E+01
","-7.3613E+01
","-3.8234E+01
","-7.4016E+01
","-4.1233E+01
","-7.4725E+01
","-3.9889E+01
","-7.4376E+01
","-3.7594E+01
","-7.3325E+01
","-3.5947E+01
","-7.3358E+01
","-3.4295E+01
","-7.3053E+01
","-3.2808E+01
","-7.2435E+01
","-3.1816E+01
","-7.2795E+01
","-3.0977E+01
","-7.2595E+01
","-3.0452E+01
","-7.2843E+01
","-3.0193E+01
","-7.3013E+01
","-2.9899E+01
","-7.2790E+01
","-2.9657E+01
","-7.2853E+01
","-2.8686E+01
","-7.2752E+01
","-2.8257E+01
","-7.2983E+01
","-2.7793E+01
","-7.2713E+01
","-2.7590E+01
","-7.2874E+01
","-2.7533E+01
","-7.3057E+01
","-2.7456E+01
","-7.3145E+01
","-2.7503E+01
","-7.3202E+01
","-2.7369E+01
","-7.4006E+01
","-2.7433E+01
","-7.3262E+01
","-2.7267E+01
","-7.3704E+01
","-2.7299E+01
","-7.3909E+01
","-2.7422E+01
","-7.4805E+01
","-2.7234E+01
","-7.3688E+01
","-2.7262E+01
","-7.4665E+01
","-2.7509E+01
","-7.4849E+01
","-2.7334E+01
","-7.5431E+01
","-2.7275E+01
","-7.5045E+01
","-2.7556E+01
","-7.5361E+01
","-2.7732E+01
","-7.5502E+01
","-2.7381E+01
","-7.5531E+01
","-2.7807E+01
","-7.5274E+01
","-2.7999E+01
","-7.5539E+01
","-2.7824E+01
","-7.5285E+01
","-2.7845E+01
","-7.5605E+01
","-2.8174E+01
","-7.5957E+01
","-2.8133E+01
","-7.5061E+01
"
-8.0,"-2.6628E+01
","-7.5247E+01
","-2.6692E+01
","-7.3382E+01
","-2.6797E+01
","-7.3337E+01
","-2.6938E+01
","-7.4076E+01
","-2.7021E+01
","-7.3942E+01
","-2.6983E+01
","-7.3375E+01
","-2.6950E+01
","-7.2874E+01
","-2.6958E+01
","-7.3360E+01
","-2.6981E+01
","-7.3497E+01
","-2.7025E+01
","-7.2754E+01
","-2.6943E+01
","-7.3032E+01
","-2.6566E+01
","-7.2941E+01
","-2.6193E+01
","-7.2879E+01
","-2.6180E+01
","-7.2910E+01
","-2.6220E+01
","-7.3300E+01
","-2.6279E+01
","-7.2795E+01
","-2.6323E+01
","-7.2932E+01
","-2.7374E+01
","-7.2752E+01
","-2.6403E+01
","-7.2867E+01
","-2.6423E+01
","-7.3212E+01
","-2.6464E+01
","-7.2688E+01
","-2.6540E+01
","-7.3305E+01
","-2.6648E+01
","-7.2711E+01
","-2.6794E+01
","-7.2620E+01
","-2.7003E+01
","-7.3589E+01
","-2.7200E+01
","-7.2882E+01
","-2.7055E+01
","-7.2968E+01
","-2.6723E+01
","-7.2856E+01
","-2.6562E+01
","-7.3785E+01
","-2.6609E+01
","-7.2299E+01
","-2.6696E+01
","-7.3243E+01
","-2.6587E+01
","-7.2695E+01
","-2.6125E+01
","-7.2621E+01
","-2.6264E+01
","-7.2515E+01
","-2.6627E+01
","-7.3021E+01
","-2.7060E+01
","-7.3506E+01
","-2.7703E+01
","-7.3036E+01
","-2.8111E+01
","-7.3252E+01
","-2.6718E+01
","-7.3990E+01
","-2.6259E+01
","-7.2348E+01
","-2.6585E+01
","-7.3083E+01
","-2.7087E+01
","-7.3234E+01
","-2.7772E+01
","-7.2732E+01
","-2.8020E+01
","-7.3141E+01
","-2.7801E+01
","-7.3039E+01
","-2.8452E+01
","-7.3126E+01
","-2.9227E+01
","-7.3077E+01
","-3.0176E+01
","-7.3463E+01
","-3.1445E+01
","-7.3342E+01
","-3.3176E+01
","-7.3389E+01
","-3.5740E+01
","-7.3669E+01
","-4.0156E+01
","-7.4396E+01
","-5.2532E+01
","-7.4071E+01
","-4.3139E+01
","-7.3879E+01
","-3.5281E+01
","-7.3297E+01
","-3.0735E+01
","-7.1258E+01
","-2.7363E+01
","-7.2345E+01
","-2.4744E+01
","-7.1308E+01
","-2.2393E+01
","-7.0804E+01
","-2.0348E+01
","-7.0019E+01
","-1.8630E+01
","-6.9143E+01
","-1.7111E+01
","-6.7952E+01
","-1.5804E+01
","-6.6659E+01
","-1.4719E+01
","-6.5068E+01
","-1.3905E+01
","-6.3711E+01
","-1.3347E+01
","-6.2315E+01
","-1.2876E+01
","-6.0963E+01
","-1.2582E+01
","-6.0145E+01
","-1.2370E+01
","-5.9464E+01
","-1.2246E+01
","-5.9037E+01
","-1.2214E+01
","-5.8820E+01
","-1.2155E+01
","-5.8292E+01
","-1.2134E+01
","-5.7945E+01
","-1.2136E+01
","-5.7823E+01
","-1.2159E+01
","-5.7904E+01
","-1.2221E+01
","-5.7576E+01
","-1.2260E+01
","-5.7539E+01
","-1.2300E+01
","-5.7531E+01
","-1.2343E+01
","-5.7490E+01
","-1.2345E+01
","-5.7489E+01
","-1.2370E+01
","-5.7452E+01
","-1.2380E+01
","-5.7420E+01
","-1.2384E+01
","-5.7313E+01
","-1.2424E+01
","-5.7339E+01
","-1.2414E+01
","-5.7315E+01
","-1.2391E+01
","-5.7211E+01
","-1.2407E+01
","-5.7359E+01
","-1.2433E+01
","-5.7533E+01
","-1.3429E+01
","-5.7424E+01
","-1.2428E+01
","-5.7646E+01
","-1.2432E+01
","-5.7521E+01
","-1.2441E+01
","-5.7544E+01
","-1.2436E+01
","-5.7570E+01
","-1.2385E+01
","-5.7485E+01
","-1.2397E+01
","-5.9790E+01
","-1.2372E+01
","-5.7825E+01
","-1.2338E+01
","-5.7938E+01
","-1.2313E+01
","-5.7881E+01
","-1.2334E+01
","-5.8059E+01
","-1.2334E+01
","-5.7946E+01
","-1.2303E+01
","-5.7957E+01
","-1.2283E+01
","-5.8174E+01
","-1.1257E+01
","-5.8235E+01
","-3.0968E+01
","-3.0968E+01
","-1.2176E+01
","-5.8507E+01
","-1.2092E+01
","-5.8333E+01
","-1.2048E+01
","-5.8419E+01
","-1.2020E+01
","-5.6454E+01
","-1.2003E+01
","-5.8563E+01
","-1.1981E+01
","-5.8463E+01
","-1.1975E+01
","-5.8355E+01
","-1.1951E+01
","-5.8475E+01
","-1.1968E+01
","-5.8563E+01
","-1.1944E+01
","-5.8666E+01
","-1.1872E+01
","-5.8472E+01
","-1.1883E+01
","-5.8364E+01
","-1.1836E+01
","-5.8111E+01
","-1.1817E+01
","-5.7820E+01
","-1.1791E+01
","-5.7587E+01
","-1.1814E+01
","-5.7338E+01
","-1.1854E+01
","-5.7271E+01
","-1.1871E+01
","-5.7242E+01
","-1.1907E+01
","-5.7236E+01
","-1.1920E+01
","-5.6917E+01
","-1.1971E+01
","-5.6814E+01
","-1.1996E+01
","-5.6567E+01
","-1.1979E+01
","-5.6393E+01
","-1.1989E+01
","-5.6250E+01
","-1.2012E+01
","-5.6236E+01
","-1.1979E+01
","-5.6152E+01
","-1.2096E+01
","-5.6310E+01
","-1.2098E+01
","-5.6082E+01
","-1.2174E+01
","-5.6064E+01
","-1.2286E+01
","-5.6096E+01
","-1.2319E+01
","-5.6168E+01
","-1.2406E+01
","-5.6255E+01
","-1.2515E+01
","-5.6509E+01
","-1.2606E+01
","-5.6785E+01
","-1.2695E+01
","-5.7059E+01
","-1.2714E+01
","-5.7139E+01
","-1.2900E+01
","-5.7723E+01
","-1.3033E+01
","-5.8047E+01
","-1.3205E+01
","-5.8619E+01
","-1.3478E+01
","-5.9363E+01
","-1.3808E+01
","-6.0362E+01
","-1.4049E+01
","-6.1128E+01
","-1.4475E+01
","-6.2657E+01
","-1.4831E+01
","-6.3907E+01
","-1.5271E+01
","-6.5834E+01
","-1.5807E+01
","-6.7677E+01
","-1.6637E+01
","-6.9711E+01
","-1.7105E+01
","-7.2439E+01
","-1.7995E+01
","-7.5896E+01
","-1.8932E+01
","-7.7090E+01
","-2.0063E+01
","-7.4713E+01
","-2.1047E+01
","-7.3731E+01
","-2.2455E+01
","-7.2408E+01
","-2.3893E+01
","-7.2270E+01
","-2.5545E+01
","-7.1729E+01
","-2.7807E+01
","-7.2210E+01
","-3.0510E+01
","-7.1379E+01
","-3.3959E+01
","-7.2133E+01
","-3.7231E+01
","-7.1601E+01
","-4.0257E+01
","-7.1822E+01
","-3.8885E+01
","-7.1631E+01
","-3.6603E+01
","-7.1297E+01
","-3.4949E+01
","-7.1104E+01
","-3.3291E+01
","-7.1061E+01
","-3.1798E+01
","-7.0738E+01
","-3.0815E+01
","-7.1075E+01
","-2.9975E+01
","-7.0638E+01
","-2.9450E+01
","-7.1034E+01
","-2.9196E+01
","-7.0681E+01
","-2.8889E+01
","-7.0703E+01
","-2.8657E+01
","-7.1132E+01
","-2.7689E+01
","-7.0223E+01
","-2.7253E+01
","-7.0553E+01
","-2.6789E+01
","-7.0410E+01
","-2.6588E+01
","-7.0676E+01
","-2.6531E+01
","-7.0935E+01
","-2.6453E+01
","-7.1341E+01
","-2.6501E+01
","-7.1782E+01
","-2.6367E+01
","-7.3173E+01
","-2.6434E+01
","-7.1206E+01
","-2.6262E+01
","-7.2139E+01
","-2.6296E+01
","-7.2303E+01
","-2.6419E+01
","-7.2092E+01
","-2.6234E+01
","-7.2067E+01
","-2.6261E+01
","-7.2755E+01
","-2.6508E+01
","-7.2782E+01
","-2.6330E+01
","-7.2712E+01
","-2.6272E+01
","-7.2851E+01
","-2.6551E+01
","-7.3442E+01
","-2.6725E+01
","-7.2951E+01
","-2.6382E+01
","-7.3098E+01
","-2.6804E+01
","-7.3117E+01
","-2.6988E+01
","-7.3330E+01
","-2.6825E+01
","-7.3164E+01
","-2.6843E+01
","-7.3956E+01
","-2.7175E+01
","-7.3354E+01
","-2.7128E+01
","-7.3553E+01
"
-7.0,"-2.5623E+01
","-7.3472E+01
","-2.6691E+01
","-7.2679E+01
","-2.5796E+01
","-7.2679E+01
","-2.5935E+01
","-7.1886E+01
","-2.6016E+01
","-7.1619E+01
","-2.5980E+01
","-7.1731E+01
","-2.5951E+01
","-7.1593E+01
","-2.5963E+01
","-7.1740E+01
","-2.5984E+01
","-7.1273E+01
","-2.6028E+01
","-7.1637E+01
","-2.5939E+01
","-7.1435E+01
","-2.5563E+01
","-7.1659E+01
","-2.5189E+01
","-7.0892E+01
","-2.5172E+01
","-7.1266E+01
","-2.5225E+01
","-7.1051E+01
","-2.5280E+01
","-7.2685E+01
","-2.5326E+01
","-7.1369E+01
","-2.5374E+01
","-7.0630E+01
","-2.5409E+01
","-7.1327E+01
","-2.6381E+01
","-7.0883E+01
","-2.5465E+01
","-7.1730E+01
","-2.5543E+01
","-7.0818E+01
","-2.5646E+01
","-7.0621E+01
","-2.5799E+01
","-7.1102E+01
","-2.6000E+01
","-7.1191E+01
","-2.6196E+01
","-7.1294E+01
","-2.6057E+01
","-7.1409E+01
","-2.5721E+01
","-7.1438E+01
","-2.5571E+01
","-7.0976E+01
","-2.5608E+01
","-7.1200E+01
","-2.5697E+01
","-7.0937E+01
","-2.5583E+01
","-7.1145E+01
","-2.5124E+01
","-7.1023E+01
","-2.5265E+01
","-7.1198E+01
","-2.5630E+01
","-7.0866E+01
","-2.6062E+01
","-7.1103E+01
","-2.6710E+01
","-7.0556E+01
","-2.7111E+01
","-7.1437E+01
","-2.5721E+01
","-7.1488E+01
","-2.5262E+01
","-7.1143E+01
","-2.5582E+01
","-7.0917E+01
","-2.6084E+01
","-7.1187E+01
","-2.6767E+01
","-7.1431E+01
","-2.7028E+01
","-7.1186E+01
","-2.6802E+01
","-7.1150E+01
","-2.7451E+01
","-7.0893E+01
","-2.8221E+01
","-7.1327E+01
","-2.9174E+01
","-7.1551E+01
","-3.0444E+01
","-7.2482E+01
","-3.2174E+01
","-7.1752E+01
","-3.4733E+01
","-7.2829E+01
","-3.9142E+01
","-7.1772E+01
","-5.1496E+01
","-7.2142E+01
","-4.1152E+01
","-7.2104E+01
","-3.4267E+01
","-7.1618E+01
","-2.9733E+01
","-7.1193E+01
","-2.6362E+01
","-7.1089E+01
","-2.3749E+01
","-6.9776E+01
","-2.0392E+01
","-6.8871E+01
","-1.9347E+01
","-6.8001E+01
","-1.7628E+01
","-6.7360E+01
","-1.6112E+01
","-6.6082E+01
","-1.4805E+01
","-6.4505E+01
","-1.3721E+01
","-6.3059E+01
","-1.2902E+01
","-6.1548E+01
","-1.2345E+01
","-6.0213E+01
","-1.1873E+01
","-5.9088E+01
","-1.1579E+01
","-5.8070E+01
","-1.1372E+01
","-5.7468E+01
","-1.1246E+01
","-5.7034E+01
","-1.1213E+01
","-5.6598E+01
","-1.1152E+01
","-5.6315E+01
","-1.1129E+01
","-5.6127E+01
","-1.1135E+01
","-5.5801E+01
","-1.1158E+01
","-5.5747E+01
","-1.1219E+01
","-5.5608E+01
","-1.1257E+01
","-5.3620E+01
","-1.1298E+01
","-5.5639E+01
","-1.1341E+01
","-5.5560E+01
","-1.1344E+01
","-5.5513E+01
","-1.1368E+01
","-5.5501E+01
","-1.1379E+01
","-5.5454E+01
","-1.1380E+01
","-5.5368E+01
","-1.1423E+01
","-5.5309E+01
","-1.1411E+01
","-5.5280E+01
","-1.1389E+01
","-5.5253E+01
","-1.1403E+01
","-5.5374E+01
","-1.1433E+01
","-5.5462E+01
","-1.1426E+01
","-5.5460E+01
","-1.1423E+01
","-5.5495E+01
","-1.1429E+01
","-5.5427E+01
","-1.1439E+01
","-5.5488E+01
","-1.1433E+01
","-5.5582E+01
","-1.1379E+01
","-5.5484E+01
","-1.1393E+01
","-5.5748E+01
","-1.1367E+01
","-5.5835E+01
","-1.1337E+01
","-5.5872E+01
","-1.1311E+01
","-5.5826E+01
","-1.1332E+01
","-5.6058E+01
","-1.1330E+01
","-5.6043E+01
","-1.1299E+01
","-5.6010E+01
","-1.1277E+01
","-5.6170E+01
","-1.1237E+01
","-5.6207E+01
","-3.0968E+01
","-3.0968E+01
","-1.1171E+01
","-5.6344E+01
","-1.1087E+01
","-5.6320E+01
","-1.1046E+01
","-5.6445E+01
","-1.1015E+01
","-5.6437E+01
","-1.1000E+01
","-5.6571E+01
","-1.0979E+01
","-5.6377E+01
","-1.0970E+01
","-5.6513E+01
","-1.0945E+01
","-5.6477E+01
","-1.0967E+01
","-5.6524E+01
","-1.0941E+01
","-5.6596E+01
","-1.0869E+01
","-5.6527E+01
","-1.0881E+01
","-5.6340E+01
","-1.0837E+01
","-5.6155E+01
","-1.0814E+01
","-5.5910E+01
","-1.0788E+01
","-5.5618E+01
","-1.0813E+01
","-5.5625E+01
","-1.0850E+01
","-5.5357E+01
","-1.0868E+01
","-5.5379E+01
","-1.0905E+01
","-5.5227E+01
","-1.0914E+01
","-5.4967E+01
","-1.0972E+01
","-5.4828E+01
","-1.0993E+01
","-5.4654E+01
","-1.0974E+01
","-5.4456E+01
","-1.0989E+01
","-5.4363E+01
","-1.1011E+01
","-5.4164E+01
","-1.0980E+01
","-5.4141E+01
","-1.1091E+01
","-5.4205E+01
","-1.1096E+01
","-5.4057E+01
","-1.1169E+01
","-5.4092E+01
","-1.1286E+01
","-5.4166E+01
","-1.1316E+01
","-5.4205E+01
","-1.1402E+01
","-5.4319E+01
","-1.1516E+01
","-5.4529E+01
","-1.1600E+01
","-5.4770E+01
","-1.1697E+01
","-5.5132E+01
","-1.1709E+01
","-5.5210E+01
","-1.1899E+01
","-5.5687E+01
","-1.2027E+01
","-5.6046E+01
","-1.2199E+01
","-5.6635E+01
","-1.2475E+01
","-5.7294E+01
","-1.2805E+01
","-5.8278E+01
","-1.3046E+01
","-5.9207E+01
","-1.3469E+01
","-6.0903E+01
","-1.3827E+01
","-6.1977E+01
","-1.4264E+01
","-6.3826E+01
","-1.4801E+01
","-6.5678E+01
","-1.5336E+01
","-6.8060E+01
","-1.6100E+01
","-7.0781E+01
","-1.6986E+01
","-7.3415E+01
","-1.7927E+01
","-7.3851E+01
","-1.9058E+01
","-7.3324E+01
","-2.0044E+01
","-7.2120E+01
","-2.1450E+01
","-7.0902E+01
","-2.2884E+01
","-7.0535E+01
","-2.4538E+01
","-7.0119E+01
","-2.6802E+01
","-6.9806E+01
","-2.9505E+01
","-6.9770E+01
","-3.2956E+01
","-6.9929E+01
","-3.6218E+01
","-7.0625E+01
","-3.9240E+01
","-6.8217E+01
","-3.7893E+01
","-7.1697E+01
","-3.5594E+01
","-6.9368E+01
","-3.3946E+01
","-6.9170E+01
","-3.2289E+01
","-6.9115E+01
","-3.0795E+01
","-6.9133E+01
","-2.9819E+01
","-6.8544E+01
","-2.8974E+01
","-6.8989E+01
","-2.8450E+01
","-6.8815E+01
","-2.8189E+01
","-6.8942E+01
","-2.7892E+01
","-6.8809E+01
","-2.7657E+01
","-6.8723E+01
","-2.6687E+01
","-6.8479E+01
","-2.6250E+01
","-6.8368E+01
","-2.5790E+01
","-6.8416E+01
","-2.5588E+01
","-6.9473E+01
","-2.5533E+01
","-6.9080E+01
","-2.5451E+01
","-6.9076E+01
","-2.5503E+01
","-6.9565E+01
","-2.5364E+01
","-6.9711E+01
","-2.5434E+01
","-6.9824E+01
","-2.5263E+01
","-6.9745E+01
","-2.5294E+01
","-7.0092E+01
","-2.5417E+01
","-6.9860E+01
","-2.5233E+01
","-7.0366E+01
","-2.5259E+01
","-7.0734E+01
","-2.5503E+01
","-7.0682E+01
","-2.5329E+01
","-7.0701E+01
","-2.5273E+01
","-7.0820E+01
","-2.5551E+01
","-7.0897E+01
","-2.5724E+01
","-7.1168E+01
","-2.5382E+01
","-7.1270E+01
","-2.5802E+01
","-7.1145E+01
","-2.5990E+01
","-7.1464E+01
","-2.5825E+01
","-7.1178E+01
","-2.5837E+01
","-7.1893E+01
","-2.6175E+01
","-7.1762E+01
","-2.6132E+01
","-7.1555E+01
"
-6.0,"-2.4625E+01
","-7.1515E+01
","-2.4689E+01
","-7.0206E+01
","-2.4791E+01
","-7.1086E+01
","-2.4933E+01
","-6.9885E+01
","-2.5019E+01
","-7.0087E+01
","-2.4987E+01
","-7.0356E+01
","-2.4950E+01
","-7.0148E+01
","-2.4954E+01
","-7.0604E+01
","-2.4985E+01
","-7.0045E+01
","-2.5026E+01
","-6.9997E+01
","-2.4897E+01
","-7.0606E+01
","-2.4561E+01
","-7.1361E+01
","-2.5190E+01
","-6.9661E+01
","-2.4170E+01
","-6.9319E+01
","-2.4222E+01
","-6.9310E+01
","-2.4275E+01
","-6.9134E+01
","-2.4322E+01
","-6.9759E+01
","-2.4372E+01
","-6.9416E+01
","-2.4403E+01
","-7.0291E+01
","-2.4424E+01
","-7.1347E+01
","-2.4464E+01
","-6.9579E+01
","-2.4543E+01
","-7.0125E+01
","-2.3648E+01
","-6.9270E+01
","-2.4791E+01
","-6.9930E+01
","-2.5003E+01
","-6.9456E+01
","-2.5195E+01
","-6.9797E+01
","-2.5057E+01
","-6.9767E+01
","-2.4718E+01
","-6.9564E+01
","-2.4565E+01
","-6.9475E+01
","-2.4607E+01
","-6.9417E+01
","-2.4697E+01
","-6.9613E+01
","-2.4585E+01
","-6.9580E+01
","-2.4118E+01
","-6.9146E+01
","-2.4258E+01
","-6.9436E+01
","-2.4630E+01
","-6.9107E+01
","-2.5061E+01
","-6.9273E+01
","-2.5705E+01
","-6.9443E+01
","-2.6106E+01
","-6.9795E+01
","-2.4716E+01
","-6.9580E+01
","-2.4258E+01
","-6.9218E+01
","-2.4582E+01
","-6.9369E+01
","-2.5086E+01
","-6.9449E+01
","-2.5770E+01
","-6.9458E+01
","-2.6021E+01
","-6.9715E+01
","-2.5802E+01
","-6.9821E+01
","-2.6448E+01
","-6.9610E+01
","-2.7222E+01
","-6.9705E+01
","-2.8167E+01
","-6.9570E+01
","-2.9443E+01
","-7.0006E+01
","-3.1169E+01
","-7.0200E+01
","-3.3724E+01
","-7.0142E+01
","-3.8154E+01
","-7.1037E+01
","-5.0469E+01
","-7.0504E+01
","-4.1146E+01
","-6.9940E+01
","-3.3270E+01
","-6.9887E+01
","-2.8731E+01
","-6.7303E+01
","-2.5367E+01
","-6.8912E+01
","-2.2747E+01
","-6.8072E+01
","-2.0393E+01
","-6.7157E+01
","-1.8349E+01
","-6.6056E+01
","-1.6629E+01
","-6.5399E+01
","-1.5112E+01
","-6.4174E+01
","-1.3802E+01
","-6.2616E+01
","-1.2719E+01
","-6.1059E+01
","-1.1903E+01
","-5.9534E+01
","-1.1343E+01
","-5.8245E+01
","-1.0874E+01
","-5.7009E+01
","-1.0577E+01
","-5.6196E+01
","-1.0368E+01
","-5.5420E+01
","-1.0241E+01
","-5.4952E+01
","-1.0212E+01
","-5.4724E+01
","-1.0151E+01
","-5.4356E+01
","-1.0132E+01
","-5.4106E+01
","-1.0134E+01
","-5.3913E+01
","-1.0157E+01
","-5.3673E+01
","-1.0218E+01
","-5.3659E+01
","-1.0258E+01
","-5.3602E+01
","-1.0296E+01
","-5.3583E+01
","-1.0340E+01
","-5.3524E+01
","-1.0344E+01
","-5.3554E+01
","-1.0368E+01
","-5.3537E+01
","-1.0377E+01
","-5.3465E+01
","-1.0381E+01
","-5.3412E+01
","-1.0420E+01
","-5.3422E+01
","-1.0412E+01
","-5.3330E+01
","-1.0390E+01
","-5.3235E+01
","-1.0400E+01
","-5.3410E+01
","-1.0430E+01
","-5.3493E+01
","-1.0425E+01
","-5.3415E+01
","-1.0423E+01
","-5.3510E+01
","-1.0429E+01
","-5.3500E+01
","-1.0436E+01
","-5.3547E+01
","-1.0433E+01
","-5.3531E+01
","-1.0385E+01
","-5.3461E+01
","-1.0394E+01
","-5.3786E+01
","-1.0368E+01
","-5.3853E+01
","-1.0337E+01
","-5.3799E+01
","-1.0310E+01
","-5.3894E+01
","-1.0332E+01
","-5.3968E+01
","-1.0329E+01
","-5.4045E+01
","-1.0298E+01
","-5.3983E+01
","-1.0278E+01
","-5.4145E+01
","-1.0236E+01
","-5.4229E+01
","-3.0968E+01
","-3.0968E+01
","-1.0173E+01
","-5.4437E+01
","-1.0089E+01
","-5.4398E+01
","-1.0046E+01
","-5.4416E+01
","-1.0015E+01
","-5.4404E+01
","-9.998E+00
","-5.4475E+01
","-9.979E+00
","-5.4427E+01
","-9.970E+00
","-5.4549E+01
","-9.946E+00
","-5.4455E+01
","-9.964E+00
","-5.4790E+01
","-9.941E+00
","-5.4587E+01
","-9.868E+00
","-5.4417E+01
","-9.878E+00
","-5.4390E+01
","-9.837E+00
","-5.4240E+01
","-9.811E+00
","-5.3951E+01
","-9.783E+00
","-5.3616E+01
","-9.811E+00
","-5.3583E+01
","-9.849E+00
","-5.3502E+01
","-9.865E+00
","-5.3369E+01
","-9.902E+00
","-5.3312E+01
","-9.914E+00
","-5.2977E+01
","-9.969E+00
","-5.2877E+01
","-9.991E+00
","-5.2703E+01
","-9.972E+00
","-5.2485E+01
","-9.986E+00
","-5.2332E+01
","-1.0011E+01
","-5.2257E+01
","-9.977E+00
","-5.2127E+01
","-1.0091E+01
","-5.2284E+01
","-1.0093E+01
","-5.2080E+01
","-1.0166E+01
","-5.2091E+01
","-1.0283E+01
","-5.2181E+01
","-1.0318E+01
","-5.2182E+01
","-1.0400E+01
","-5.2215E+01
","-1.0513E+01
","-5.2636E+01
","-1.0601E+01
","-5.2756E+01
","-1.0694E+01
","-5.3029E+01
","-1.0709E+01
","-5.3142E+01
","-1.0896E+01
","-5.3587E+01
","-1.1027E+01
","-5.3994E+01
","-1.1201E+01
","-5.4511E+01
","-1.1475E+01
","-5.5260E+01
","-1.1804E+01
","-5.6247E+01
","-1.2042E+01
","-5.7161E+01
","-1.2470E+01
","-5.8589E+01
","-1.2828E+01
","-5.9942E+01
","-1.3264E+01
","-5.9686E+01
","-1.3802E+01
","-6.3961E+01
","-1.4337E+01
","-6.5921E+01
","-1.5100E+01
","-6.8809E+01
","-1.5984E+01
","-7.1897E+01
","-1.6928E+01
","-7.2063E+01
","-1.8055E+01
","-7.1579E+01
","-1.9043E+01
","-6.9942E+01
","-2.0449E+01
","-6.8567E+01
","-2.0884E+01
","-6.8703E+01
","-2.3538E+01
","-6.8054E+01
","-2.5804E+01
","-6.7970E+01
","-2.8509E+01
","-6.7797E+01
","-3.1957E+01
","-6.7857E+01
","-3.5221E+01
","-6.7744E+01
","-3.8242E+01
","-6.7933E+01
","-3.6892E+01
","-6.7456E+01
","-3.4590E+01
","-6.7375E+01
","-3.2950E+01
","-6.7445E+01
","-3.1293E+01
","-6.6815E+01
","-2.9802E+01
","-6.6717E+01
","-2.8813E+01
","-6.6860E+01
","-2.7975E+01
","-6.6774E+01
","-2.7444E+01
","-6.6869E+01
","-2.7189E+01
","-6.6812E+01
","-2.6891E+01
","-6.6706E+01
","-2.6655E+01
","-6.7027E+01
","-2.5684E+01
","-6.6380E+01
","-2.5250E+01
","-6.6989E+01
","-2.4789E+01
","-6.6429E+01
","-2.4591E+01
","-6.6513E+01
","-2.4534E+01
","-6.7488E+01
","-2.4454E+01
","-6.7354E+01
","-2.4504E+01
","-6.7538E+01
","-2.4365E+01
","-6.8571E+01
","-2.4434E+01
","-6.7422E+01
","-2.4263E+01
","-6.8081E+01
","-2.4298E+01
","-6.9003E+01
","-2.4417E+01
","-6.8015E+01
","-2.4235E+01
","-6.7792E+01
","-2.4258E+01
","-6.8386E+01
","-2.4503E+01
","-6.8594E+01
","-2.4327E+01
","-6.8593E+01
","-2.4272E+01
","-6.8719E+01
","-2.4550E+01
","-6.9217E+01
","-2.4730E+01
","-6.8806E+01
","-2.4383E+01
","-6.9041E+01
","-2.4802E+01
","-6.9138E+01
","-2.4993E+01
","-6.9047E+01
","-2.4823E+01
","-6.9405E+01
","-2.4840E+01
","-6.9711E+01
","-2.5175E+01
","-6.9992E+01
","-2.5129E+01
","-6.9333E+01
"
-5.0,"-2.3625E+01
","-6.8598E+01
","-2.3693E+01
","-6.8570E+01
","-2.3793E+01
","-6.8420E+01
","-2.3936E+01
","-6.8915E+01
","-2.4015E+01
","-6.8411E+01
","-2.3984E+01
","-6.8435E+01
","-2.3951E+01
","-6.8305E+01
","-2.2946E+01
","-6.8612E+01
","-2.3979E+01
","-6.8830E+01
","-2.4408E+01
","-6.8403E+01
","-2.3938E+01
","-6.8482E+01
","-2.4565E+01
","-6.8419E+01
","-2.3190E+01
","-6.8402E+01
","-2.3173E+01
","-6.8181E+01
","-2.3224E+01
","-6.7897E+01
","-2.3275E+01
","-6.7751E+01
","-2.3323E+01
","-6.8203E+01
","-2.3368E+01
","-6.7624E+01
","-2.3404E+01
","-6.7817E+01
","-2.3420E+01
","-6.7642E+01
","-2.3468E+01
","-6.7771E+01
","-2.3543E+01
","-6.7569E+01
","-2.3647E+01
","-6.7590E+01
","-2.3794E+01
","-6.7602E+01
","-2.4003E+01
","-6.7852E+01
","-2.4199E+01
","-6.8058E+01
","-2.4058E+01
","-6.7140E+01
","-2.3719E+01
","-6.7861E+01
","-2.3569E+01
","-6.7786E+01
","-2.3608E+01
","-6.7582E+01
","-2.3698E+01
","-6.7803E+01
","-2.3582E+01
","-6.7600E+01
","-2.3125E+01
","-6.7296E+01
","-2.3259E+01
","-6.7443E+01
","-2.3627E+01
","-6.7450E+01
","-2.4061E+01
","-6.7495E+01
","-2.4706E+01
","-6.7702E+01
","-2.5107E+01
","-6.8374E+01
","-2.3717E+01
","-6.7893E+01
","-2.3260E+01
","-6.7816E+01
","-2.3582E+01
","-6.6107E+01
","-2.4086E+01
","-6.7289E+01
","-2.4768E+01
","-6.7716E+01
","-2.5024E+01
","-6.7744E+01
","-2.4806E+01
","-6.7546E+01
","-2.5450E+01
","-6.7691E+01
","-2.6222E+01
","-6.7794E+01
","-2.7170E+01
","-6.7942E+01
","-2.8443E+01
","-6.8352E+01
","-3.0172E+01
","-6.8220E+01
","-3.2729E+01
","-6.8427E+01
","-3.7159E+01
","-6.8599E+01
","-4.9508E+01
","-6.8494E+01
","-4.0147E+01
","-6.8311E+01
","-3.2270E+01
","-6.8713E+01
","-2.7733E+01
","-6.7444E+01
","-2.4368E+01
","-6.6753E+01
","-2.1754E+01
","-6.6087E+01
","-1.9392E+01
","-6.5243E+01
","-1.7349E+01
","-6.4013E+01
","-1.5630E+01
","-6.3296E+01
","-1.4112E+01
","-6.1981E+01
","-1.2804E+01
","-6.0511E+01
","-1.1718E+01
","-5.8974E+01
","-1.0899E+01
","-5.7580E+01
","-1.0341E+01
","-5.6375E+01
","-9.872E+00
","-5.5064E+01
","-9.574E+00
","-5.4161E+01
","-9.368E+00
","-5.3489E+01
","-9.243E+00
","-5.3025E+01
","-9.210E+00
","-5.2762E+01
","-9.150E+00
","-5.2363E+01
","-9.127E+00
","-5.2116E+01
","-9.135E+00
","-5.1932E+01
","-9.158E+00
","-5.3750E+01
","-9.219E+00
","-5.1703E+01
","-9.257E+00
","-5.1611E+01
","-9.298E+00
","-5.1597E+01
","-9.339E+00
","-5.1602E+01
","-9.343E+00
","-5.1585E+01
","-9.370E+00
","-5.1561E+01
","-9.377E+00
","-5.1533E+01
","-9.379E+00
","-5.1433E+01
","-9.423E+00
","-5.1396E+01
","-9.409E+00
","-5.1335E+01
","-9.391E+00
","-5.1290E+01
","-9.403E+00
","-5.1350E+01
","-9.431E+00
","-5.1545E+01
","-1.0425E+01
","-5.1477E+01
","-9.422E+00
","-5.1536E+01
","-9.429E+00
","-5.1491E+01
","-9.439E+00
","-5.1508E+01
","-9.431E+00
","-5.1500E+01
","-9.386E+00
","-5.1513E+01
","-9.394E+00
","-5.1741E+01
","-9.368E+00
","-5.1819E+01
","-9.339E+00
","-5.1870E+01
","-9.312E+00
","-5.1905E+01
","-9.329E+00
","-5.1993E+01
","-9.332E+00
","-5.1969E+01
","-9.296E+00
","-5.1976E+01
","-9.275E+00
","-5.2098E+01
","-9.236E+00
","-5.2148E+01
","-3.0968E+01
","-3.0968E+01
","-9.171E+00
","-5.2467E+01
","-9.087E+00
","-5.4429E+01
","-9.044E+00
","-5.2448E+01
","-9.015E+00
","-5.2434E+01
","-8.995E+00
","-5.2515E+01
","-8.979E+00
","-5.2476E+01
","-8.971E+00
","-5.2593E+01
","-8.943E+00
","-5.2509E+01
","-8.963E+00
","-5.2681E+01
","-8.939E+00
","-5.2650E+01
","-8.867E+00
","-5.2599E+01
","-8.880E+00
","-5.2476E+01
","-8.834E+00
","-5.2320E+01
","-8.813E+00
","-5.1996E+01
","-8.784E+00
","-5.1710E+01
","-8.810E+00
","-5.1650E+01
","-8.846E+00
","-5.1461E+01
","-8.867E+00
","-5.1393E+01
","-9.902E+00
","-5.1281E+01
","-8.914E+00
","-5.1034E+01
","-8.967E+00
","-5.1025E+01
","-8.990E+00
","-5.0763E+01
","-8.971E+00
","-5.0519E+01
","-8.985E+00
","-5.0389E+01
","-9.008E+00
","-5.0263E+01
","-9.053E+00
","-5.0214E+01
","-9.089E+00
","-5.0238E+01
","-9.091E+00
","-5.0123E+01
","-9.167E+00
","-5.0105E+01
","-9.280E+00
","-5.0195E+01
","-9.313E+00
","-5.0120E+01
","-9.397E+00
","-5.0280E+01
","-9.510E+00
","-5.0507E+01
","-9.598E+00
","-5.0794E+01
","-9.691E+00
","-5.0996E+01
","-9.710E+00
","-5.1131E+01
","-9.895E+00
","-5.1591E+01
","-1.0024E+01
","-5.1956E+01
","-1.0198E+01
","-5.2511E+01
","-1.0473E+01
","-5.3279E+01
","-1.0803E+01
","-5.2533E+01
","-1.1042E+01
","-5.5057E+01
","-1.1466E+01
","-5.6502E+01
","-1.1825E+01
","-5.7922E+01
","-1.2264E+01
","-5.9607E+01
","-1.2800E+01
","-6.1884E+01
","-1.3333E+01
","-6.4055E+01
","-1.4099E+01
","-6.5623E+01
","-1.4986E+01
","-7.0090E+01
","-1.5925E+01
","-7.0517E+01
","-1.6053E+01
","-6.9869E+01
","-1.8039E+01
","-6.8488E+01
","-1.9447E+01
","-6.6798E+01
","-2.0884E+01
","-6.6347E+01
","-2.3539E+01
","-6.5856E+01
","-2.4804E+01
","-6.5753E+01
","-2.7503E+01
","-6.6086E+01
","-3.0956E+01
","-6.5483E+01
","-3.4216E+01
","-6.5725E+01
","-3.7235E+01
","-6.5828E+01
","-3.5893E+01
","-6.5865E+01
","-3.3603E+01
","-6.5448E+01
","-3.1944E+01
","-6.5192E+01
","-3.0293E+01
","-6.5162E+01
","-2.8798E+01
","-6.5013E+01
","-2.7816E+01
","-6.4807E+01
","-2.6975E+01
","-6.4869E+01
","-2.6448E+01
","-6.4809E+01
","-2.6188E+01
","-6.4726E+01
","-2.5891E+01
","-6.4871E+01
","-2.5653E+01
","-6.4683E+01
","-2.4683E+01
","-6.4545E+01
","-2.4256E+01
","-6.4607E+01
","-2.3788E+01
","-6.4545E+01
","-2.3591E+01
","-6.4468E+01
","-2.3535E+01
","-6.5034E+01
","-2.3455E+01
","-6.5146E+01
","-2.3504E+01
","-6.5433E+01
","-2.3368E+01
","-6.5541E+01
","-2.3433E+01
","-6.5598E+01
","-2.3264E+01
","-6.5901E+01
","-2.3296E+01
","-6.6214E+01
","-2.3418E+01
","-6.6059E+01
","-2.3230E+01
","-6.6016E+01
","-2.3264E+01
","-6.6279E+01
","-2.3507E+01
","-6.6403E+01
","-2.3330E+01
","-6.6717E+01
","-2.3273E+01
","-6.7197E+01
","-2.3551E+01
","-6.7231E+01
","-2.3727E+01
","-6.6954E+01
","-2.3380E+01
","-6.7210E+01
","-2.3802E+01
","-6.7311E+01
","-2.3992E+01
","-6.7299E+01
","-2.3824E+01
","-6.7152E+01
","-2.3841E+01
","-6.7531E+01
","-2.4170E+01
","-6.7536E+01
","-2.4129E+01
","-6.7332E+01
"
-4.0,"-2.2623E+01
","-6.8367E+01
","-2.2688E+01
","-6.6617E+01
","-2.2790E+01
","-6.6804E+01
","-2.2935E+01
","-6.6598E+01
","-2.3016E+01
","-6.6572E+01
","-2.2979E+01
","-6.6515E+01
","-2.2949E+01
","-6.6555E+01
","-2.2948E+01
","-6.6221E+01
","-2.2981E+01
","-6.6650E+01
","-2.3026E+01
","-6.6537E+01
","-2.2938E+01
","-6.6615E+01
","-2.2560E+01
","-6.7073E+01
","-2.2190E+01
","-6.6535E+01
","-2.2176E+01
","-6.6569E+01
","-2.2226E+01
","-6.6229E+01
","-2.2276E+01
","-6.7895E+01
","-2.3324E+01
","-6.6054E+01
","-2.2370E+01
","-6.6090E+01
","-2.2407E+01
","-6.6335E+01
","-2.3415E+01
","-6.6078E+01
","-2.2465E+01
","-6.5868E+01
","-2.2538E+01
","-6.6037E+01
","-2.2646E+01
","-6.7746E+01
","-2.2791E+01
","-6.6163E+01
","-2.2999E+01
","-6.6289E+01
","-2.3196E+01
","-6.6150E+01
","-2.4059E+01
","-6.6284E+01
","-2.2719E+01
","-6.6227E+01
","-2.2566E+01
","-6.5955E+01
","-2.2607E+01
","-6.5830E+01
","-2.2699E+01
","-6.5979E+01
","-2.2580E+01
","-6.6049E+01
","-2.2119E+01
","-6.5693E+01
","-2.2262E+01
","-6.5627E+01
","-2.3495E+01
","-6.5942E+01
","-2.3059E+01
","-6.5865E+01
","-2.3705E+01
","-6.6072E+01
","-2.4110E+01
","-6.5935E+01
","-2.2720E+01
","-6.6098E+01
","-2.2261E+01
","-6.5753E+01
","-2.2584E+01
","-6.5544E+01
","-2.3084E+01
","-6.5747E+01
","-2.3771E+01
","-6.5793E+01
","-2.4020E+01
","-6.6094E+01
","-2.3800E+01
","-6.5827E+01
","-2.4453E+01
","-6.5916E+01
","-2.5224E+01
","-6.5881E+01
","-2.6168E+01
","-6.5874E+01
","-2.7441E+01
","-6.6222E+01
","-2.9173E+01
","-6.6416E+01
","-3.1726E+01
","-6.6525E+01
","-3.6146E+01
","-6.6615E+01
","-4.8465E+01
","-6.6587E+01
","-3.9144E+01
","-6.6867E+01
","-3.1279E+01
","-6.5992E+01
","-2.6731E+01
","-6.5764E+01
","-2.3365E+01
","-6.4892E+01
","-2.0751E+01
","-6.4020E+01
","-1.8397E+01
","-6.3193E+01
","-1.6353E+01
","-6.2436E+01
","-1.4636E+01
","-6.3296E+01
","-1.3117E+01
","-6.0077E+01
","-1.1809E+01
","-5.8550E+01
","-1.0721E+01
","-5.7134E+01
","-9.900E+00
","-5.5616E+01
","-9.340E+00
","-5.4455E+01
","-8.871E+00
","-5.3197E+01
","-8.572E+00
","-5.2291E+01
","-8.365E+00
","-5.1598E+01
","-8.242E+00
","-5.1046E+01
","-8.210E+00
","-5.0752E+01
","-8.151E+00
","-5.0445E+01
","-8.133E+00
","-5.0166E+01
","-8.136E+00
","-5.0004E+01
","-8.157E+00
","-4.9820E+01
","-8.223E+00
","-4.9727E+01
","-8.258E+00
","-4.9623E+01
","-8.302E+00
","-4.9645E+01
","-8.341E+00
","-4.9647E+01
","-8.346E+00
","-4.9627E+01
","-8.374E+00
","-4.9602E+01
","-8.383E+00
","-4.9550E+01
","-8.386E+00
","-4.9472E+01
","-8.424E+00
","-4.9417E+01
","-8.416E+00
","-4.9352E+01
","-8.394E+00
","-4.9334E+01
","-8.406E+00
","-5.1377E+01
","-8.436E+00
","-4.9529E+01
","-8.429E+00
","-4.9505E+01
","-8.424E+00
","-4.9560E+01
","-8.435E+00
","-4.9515E+01
","-8.443E+00
","-4.9552E+01
","-8.436E+00
","-4.9548E+01
","-8.388E+00
","-4.9494E+01
","-8.395E+00
","-4.9722E+01
","-8.373E+00
","-5.1197E+01
","-8.342E+00
","-4.9890E+01
","-8.315E+00
","-4.9905E+01
","-8.334E+00
","-4.9994E+01
","-8.331E+00
","-4.9993E+01
","-8.299E+00
","-5.0040E+01
","-8.279E+00
","-5.0080E+01
","-8.236E+00
","-5.0202E+01
","-3.0968E+01
","-3.0968E+01
","-8.173E+00
","-5.0397E+01
","-8.087E+00
","-5.0408E+01
","-8.046E+00
","-5.0427E+01
","-8.016E+00
","-5.0509E+01
","-7.999E+00
","-5.0476E+01
","-7.979E+00
","-5.0472E+01
","-7.970E+00
","-5.0567E+01
","-7.944E+00
","-5.0563E+01
","-7.964E+00
","-5.0641E+01
","-7.938E+00
","-5.0701E+01
","-7.869E+00
","-5.0514E+01
","-7.879E+00
","-5.0545E+01
","-7.833E+00
","-5.0275E+01
","-7.812E+00
","-5.0021E+01
","-7.783E+00
","-4.9771E+01
","-7.809E+00
","-4.9653E+01
","-7.847E+00
","-4.9526E+01
","-7.866E+00
","-4.9455E+01
","-7.901E+00
","-4.9355E+01
","-7.912E+00
","-4.9144E+01
","-7.964E+00
","-4.9007E+01
","-7.985E+00
","-4.8818E+01
","-7.968E+00
","-4.8565E+01
","-7.981E+00
","-4.8397E+01
","-8.005E+00
","-4.8317E+01
","-7.973E+00
","-4.8158E+01
","-8.088E+00
","-4.8244E+01
","-8.088E+00
","-4.8149E+01
","-8.161E+00
","-4.8130E+01
","-8.278E+00
","-4.8148E+01
","-8.310E+00
","-4.8186E+01
","-8.397E+00
","-4.8301E+01
","-8.505E+00
","-4.8504E+01
","-8.595E+00
","-4.8737E+01
","-8.691E+00
","-4.9015E+01
","-8.706E+00
","-4.9125E+01
","-8.890E+00
","-4.9615E+01
","-9.023E+00
","-4.9954E+01
","-9.196E+00
","-5.0490E+01
","-9.469E+00
","-5.1230E+01
","-9.799E+00
","-5.0979E+01
","-1.0039E+01
","-5.3087E+01
","-1.0464E+01
","-5.4494E+01
","-1.0823E+01
","-5.5814E+01
","-1.1260E+01
","-5.7735E+01
","-1.1797E+01
","-5.9640E+01
","-1.2332E+01
","-6.2127E+01
","-1.3095E+01
","-6.5266E+01
","-1.3983E+01
","-6.8529E+01
","-1.4925E+01
","-7.0006E+01
","-1.6052E+01
","-6.8116E+01
","-1.7036E+01
","-6.6491E+01
","-1.8447E+01
","-6.5272E+01
","-1.9882E+01
","-6.4499E+01
","-2.1537E+01
","-6.4221E+01
","-2.3804E+01
","-6.3720E+01
","-2.6506E+01
","-6.3615E+01
","-2.9957E+01
","-6.3885E+01
","-3.3217E+01
","-6.3820E+01
","-3.6243E+01
","-6.3715E+01
","-3.4884E+01
","-6.3656E+01
","-3.2598E+01
","-6.3590E+01
","-3.0944E+01
","-6.3480E+01
","-2.9287E+01
","-6.3151E+01
","-2.7797E+01
","-6.2751E+01
","-2.6818E+01
","-6.2788E+01
","-2.5972E+01
","-6.2787E+01
","-2.5446E+01
","-6.2779E+01
","-2.5192E+01
","-6.2812E+01
","-2.4891E+01
","-6.2562E+01
","-2.4659E+01
","-6.2633E+01
","-2.3685E+01
","-6.2387E+01
","-2.3252E+01
","-6.2418E+01
","-2.2787E+01
","-6.2491E+01
","-2.2594E+01
","-6.2615E+01
","-2.2536E+01
","-6.2892E+01
","-2.2455E+01
","-6.3222E+01
","-2.2502E+01
","-6.3289E+01
","-2.2369E+01
","-6.3511E+01
","-2.2434E+01
","-6.3691E+01
","-2.2264E+01
","-6.3849E+01
","-2.2299E+01
","-6.3884E+01
","-2.2418E+01
","-6.3905E+01
","-2.2233E+01
","-6.4143E+01
","-2.2263E+01
","-6.4246E+01
","-2.2508E+01
","-6.4362E+01
","-2.2330E+01
","-6.4445E+01
","-2.2274E+01
","-6.4739E+01
","-2.2551E+01
","-6.5083E+01
","-2.2728E+01
","-6.4865E+01
","-2.2379E+01
","-6.4981E+01
","-2.2802E+01
","-6.5070E+01
","-2.2992E+01
","-6.5016E+01
","-2.2824E+01
","-6.5158E+01
","-2.2839E+01
","-6.5412E+01
","-2.3174E+01
","-6.5982E+01
","-2.3129E+01
","-6.5234E+01
"
-3.0,"-2.0704E+01
","-6.7399E+01
","-2.0766E+01
","-6.6748E+01
","-2.0864E+01
","-6.7276E+01
","-2.1001E+01
","-6.6845E+01
","-2.1086E+01
","-6.6980E+01
","-2.1051E+01
","-6.6534E+01
","-2.1023E+01
","-6.6493E+01
","-2.1033E+01
","-6.5964E+01
","-2.1070E+01
","-6.6345E+01
","-2.1132E+01
","-6.5868E+01
","-2.1065E+01
","-6.6130E+01
","-2.0708E+01
","-6.5950E+01
","-2.0333E+01
","-6.5473E+01
","-2.0563E+01
","-6.5143E+01
","-2.0378E+01
","-6.5208E+01
","-2.0452E+01
","-6.5057E+01
","-2.0517E+01
","-6.4918E+01
","-2.0586E+01
","-6.6004E+01
","-2.0649E+01
","-6.4856E+01
","-2.0678E+01
","-6.4893E+01
","-2.2465E+01
","-6.5046E+01
","-2.1531E+01
","-6.4895E+01
","-2.0998E+01
","-6.4760E+01
","-2.1187E+01
","-6.4799E+01
","-2.1436E+01
","-6.4887E+01
","-2.1685E+01
","-6.5030E+01
","-2.1587E+01
","-6.4849E+01
","-2.1279E+01
","-6.4679E+01
","-2.1156E+01
","-6.4435E+01
","-2.1240E+01
","-6.4335E+01
","-2.1380E+01
","-6.4453E+01
","-2.1298E+01
","-6.4609E+01
","-2.0845E+01
","-6.4131E+01
","-2.1034E+01
","-6.4003E+01
","-2.1465E+01
","-6.4237E+01
","-2.1965E+01
","-6.4437E+01
","-2.2683E+01
","-6.4694E+01
","-2.3148E+01
","-6.5245E+01
","-2.1711E+01
","-6.4841E+01
","-2.1272E+01
","-6.4504E+01
","-2.1669E+01
","-6.4520E+01
","-2.2250E+01
","-6.4225E+01
","-2.3008E+01
","-6.4589E+01
","-2.3319E+01
","-6.4884E+01
","-2.3153E+01
","-6.4617E+01
","-2.3874E+01
","-6.5038E+01
","-2.4720E+01
","-6.5076E+01
","-2.5738E+01
","-6.5337E+01
","-2.7080E+01
","-6.5926E+01
","-2.8873E+01
","-6.6170E+01
","-3.1489E+01
","-6.6685E+01
","-3.5984E+01
","-6.6953E+01
","-4.8344E+01
","-6.7175E+01
","-3.9098E+01
","-6.7070E+01
","-3.1268E+01
","-6.7291E+01
","-2.6761E+01
","-6.6776E+01
","-2.3382E+01
","-6.6199E+01
","-2.0811E+01
","-6.5261E+01
","-1.8446E+01
","-6.3971E+01
","-1.6361E+01
","-6.2296E+01
","-1.4581E+01
","-6.0811E+01
","-1.2961E+01
","-5.8858E+01
","-1.1537E+01
","-5.6740E+01
","-1.0320E+01
","-5.4933E+01
","-9.368E+00
","-5.3272E+01
","-8.711E+00
","-5.1991E+01
","-8.166E+00
","-5.0870E+01
","-7.829E+00
","-5.0067E+01
","-7.615E+00
","-4.9582E+01
","-7.496E+00
","-4.9344E+01
","-7.484E+00
","-4.9236E+01
","-7.458E+00
","-4.9088E+01
","-7.472E+00
","-4.9028E+01
","-7.500E+00
","-4.8994E+01
","-7.550E+00
","-4.8986E+01
","-7.632E+00
","-4.9028E+01
","-7.677E+00
","-4.9051E+01
","-7.720E+00
","-4.9103E+01
","-7.764E+00
","-4.9180E+01
","-7.760E+00
","-4.9200E+01
","-7.772E+00
","-4.9195E+01
","-7.764E+00
","-4.9151E+01
","-7.741E+00
","-4.9052E+01
","-7.748E+00
","-4.9010E+01
","-7.711E+00
","-4.8892E+01
","-7.654E+00
","-4.8806E+01
","-7.624E+00
","-4.8792E+01
","-7.611E+00
","-4.8873E+01
","-7.566E+00
","-4.8755E+01
","-7.518E+00
","-4.8700E+01
","-7.485E+00
","-4.8604E+01
","-7.447E+00
","-4.8508E+01
","-7.398E+00
","-4.8406E+01
","-7.309E+00
","-4.8233E+01
","-7.281E+00
","-4.8332E+01
","-7.217E+00
","-4.8306E+01
","-7.159E+00
","-4.8234E+01
","-7.106E+00
","-4.8154E+01
","-7.106E+00
","-4.8187E+01
","-7.091E+00
","-4.8071E+01
","-7.050E+00
","-4.8002E+01
","-7.029E+00
","-4.8006E+01
","-6.995E+00
","-4.7988E+01
","-3.0968E+01
","-3.0968E+01
","-6.951E+00
","-4.8093E+01
","-6.888E+00
","-4.7952E+01
","-6.870E+00
","-4.7919E+01
","-6.873E+00
","-4.7995E+01
","-6.891E+00
","-4.7918E+01
","-6.908E+00
","-4.7866E+01
","-6.925E+00
","-4.7929E+01
","-6.935E+00
","-4.7929E+01
","-6.992E+00
","-4.8012E+01
","-6.981E+00
","-4.8020E+01
","-6.942E+00
","-4.7888E+01
","-6.971E+00
","-4.7877E+01
","-6.938E+00
","-4.7662E+01
","-6.932E+00
","-4.7484E+01
","-6.911E+00
","-4.7305E+01
","-6.941E+00
","-4.7301E+01
","-6.973E+00
","-4.7194E+01
","-7.865E+00
","-4.7228E+01
","-7.022E+00
","-4.7179E+01
","-7.024E+00
","-4.7053E+01
","-7.062E+00
","-4.7049E+01
","-7.074E+00
","-4.6879E+01
","-7.047E+00
","-4.6706E+01
","-7.068E+00
","-4.6667E+01
","-7.090E+00
","-4.6656E+01
","-7.066E+00
","-4.6681E+01
","-7.202E+00
","-4.6816E+01
","-7.224E+00
","-4.6794E+01
","-7.321E+00
","-4.6979E+01
","-7.467E+00
","-4.7119E+01
","-7.536E+00
","-4.7194E+01
","-7.640E+00
","-4.5413E+01
","-7.790E+00
","-4.7711E+01
","-7.913E+00
","-4.8044E+01
","-8.029E+00
","-4.8372E+01
","-8.080E+00
","-4.8525E+01
","-8.279E+00
","-4.8962E+01
","-8.408E+00
","-4.9340E+01
","-8.561E+00
","-4.9701E+01
","-8.804E+00
","-5.0266E+01
","-9.060E+00
","-5.1037E+01
","-9.234E+00
","-5.1529E+01
","-9.568E+00
","-5.2447E+01
","-9.822E+00
","-5.3274E+01
","-1.0135E+01
","-5.4385E+01
","-1.0554E+01
","-5.5466E+01
","-1.0949E+01
","-5.6557E+01
","-1.1609E+01
","-5.8082E+01
","-1.2429E+01
","-5.9914E+01
","-1.3324E+01
","-6.1451E+01
","-1.4476E+01
","-6.2936E+01
","-1.5495E+01
","-6.3975E+01
","-1.6998E+01
","-6.4190E+01
","-1.8565E+01
","-6.4982E+01
","-2.0375E+01
","-6.4580E+01
","-2.2829E+01
","-6.5024E+01
","-2.5716E+01
","-6.5970E+01
","-2.9346E+01
","-6.6318E+01
","-3.2738E+01
","-6.6601E+01
","-3.5894E+01
","-6.7082E+01
","-3.4649E+01
","-6.7858E+01
","-3.2441E+01
","-6.7825E+01
","-3.0849E+01
","-6.7471E+01
","-2.9256E+01
","-6.7476E+01
","-2.7797E+01
","-6.7683E+01
","-2.6833E+01
","-6.7736E+01
","-2.5999E+01
","-6.7843E+01
","-2.5453E+01
","-6.8343E+01
","-2.5162E+01
","-6.8645E+01
","-2.4816E+01
","-6.8420E+01
","-2.4536E+01
","-6.8312E+01
","-2.3540E+01
","-6.7768E+01
","-2.3069E+01
","-6.7752E+01
","-2.2566E+01
","-6.7536E+01
","-2.2325E+01
","-6.8044E+01
","-2.2236E+01
","-6.9086E+01
","-2.2097E+01
","-6.8415E+01
","-2.2087E+01
","-6.9018E+01
","-2.1893E+01
","-6.9293E+01
","-2.1901E+01
","-6.9591E+01
","-2.1655E+01
","-6.9754E+01
","-2.1643E+01
","-7.0109E+01
","-2.1725E+01
","-7.0255E+01
","-2.1476E+01
","-7.0317E+01
","-2.1451E+01
","-7.1092E+01
","-2.1665E+01
","-7.1244E+01
","-2.1436E+01
","-7.1260E+01
","-2.1327E+01
","-7.1851E+01
","-2.1553E+01
","-7.2599E+01
","-2.1685E+01
","-7.2294E+01
","-2.1297E+01
","-7.2747E+01
","-2.1677E+01
","-7.3901E+01
","-2.1828E+01
","-7.3179E+01
","-2.1636E+01
","-7.3404E+01
","-2.1607E+01
","-7.4635E+01
","-2.1901E+01
","-7.4789E+01
","-2.1833E+01
","-7.3803E+01
"
-2.0,"-1.9702E+01
","-6.5538E+01
","-1.9763E+01
","-6.7068E+01
","-1.9867E+01
","-6.5287E+01
","-2.0000E+01
","-6.5289E+01
","-2.0084E+01
","-6.5116E+01
","-2.0047E+01
","-6.4954E+01
","-2.1023E+01
","-6.4624E+01
","-2.0033E+01
","-6.4616E+01
","-2.0069E+01
","-6.4311E+01
","-2.0653E+01
","-6.4450E+01
","-2.1059E+01
","-6.6142E+01
","-1.9708E+01
","-6.3999E+01
","-1.9337E+01
","-6.5304E+01
","-1.9325E+01
","-6.3584E+01
","-1.9383E+01
","-6.3394E+01
","-1.9453E+01
","-6.3384E+01
","-1.9520E+01
","-6.3359E+01
","-1.9586E+01
","-6.3298E+01
","-1.9643E+01
","-6.3301E+01
","-1.9684E+01
","-6.3224E+01
","-1.9758E+01
","-6.2928E+01
","-1.9861E+01
","-6.2995E+01
","-2.0000E+01
","-6.3117E+01
","-2.1189E+01
","-6.3147E+01
","-2.0437E+01
","-6.2970E+01
","-2.0681E+01
","-6.3113E+01
","-2.0588E+01
","-6.3199E+01
","-2.0278E+01
","-6.3207E+01
","-2.0157E+01
","-6.2632E+01
","-2.0240E+01
","-6.2749E+01
","-2.0376E+01
","-6.2709E+01
","-2.0302E+01
","-6.2758E+01
","-1.9846E+01
","-6.2118E+01
","-2.0031E+01
","-6.2334E+01
","-2.0463E+01
","-6.2536E+01
","-2.0966E+01
","-6.2654E+01
","-2.1688E+01
","-6.3086E+01
","-2.2148E+01
","-6.3399E+01
","-2.0714E+01
","-6.4172E+01
","-2.0277E+01
","-6.2606E+01
","-2.0671E+01
","-6.2780E+01
","-2.1243E+01
","-6.2804E+01
","-2.2007E+01
","-6.2645E+01
","-2.2320E+01
","-6.3244E+01
","-2.2148E+01
","-6.2975E+01
","-2.2871E+01
","-6.3318E+01
","-2.3717E+01
","-6.3338E+01
","-2.4737E+01
","-6.3719E+01
","-2.6075E+01
","-6.3955E+01
","-2.7873E+01
","-6.4259E+01
","-3.0491E+01
","-6.4801E+01
","-3.4972E+01
","-6.4856E+01
","-4.7303E+01
","-6.5360E+01
","-3.8894E+01
","-6.5538E+01
","-3.0266E+01
","-6.5346E+01
","-2.5762E+01
","-6.4839E+01
","-2.2415E+01
","-6.4373E+01
","-1.9811E+01
","-6.3415E+01
","-1.7446E+01
","-6.2048E+01
","-1.5366E+01
","-6.0557E+01
","-1.3583E+01
","-5.8910E+01
","-1.1963E+01
","-5.6918E+01
","-1.0537E+01
","-5.4840E+01
","-9.320E+00
","-5.2957E+01
","-8.365E+00
","-5.1274E+01
","-7.707E+00
","-5.0034E+01
","-7.161E+00
","-4.8879E+01
","-6.826E+00
","-4.8135E+01
","-6.609E+00
","-4.7709E+01
","-6.494E+00
","-4.7396E+01
","-6.481E+00
","-4.7272E+01
","-6.458E+00
","-4.7135E+01
","-6.469E+00
","-4.7086E+01
","-6.501E+00
","-4.7043E+01
","-6.553E+00
","-4.7032E+01
","-6.637E+00
","-4.7085E+01
","-6.684E+00
","-4.7106E+01
","-6.727E+00
","-4.7190E+01
","-6.767E+00
","-4.7194E+01
","-6.766E+00
","-4.7216E+01
","-6.778E+00
","-4.7310E+01
","-6.770E+00
","-4.7243E+01
","-6.748E+00
","-4.7120E+01
","-6.753E+00
","-4.7070E+01
","-6.716E+00
","-4.6969E+01
","-6.660E+00
","-4.6804E+01
","-6.632E+00
","-4.6859E+01
","-6.616E+00
","-4.6881E+01
","-7.562E+00
","-4.6813E+01
","-6.523E+00
","-4.6731E+01
","-6.488E+00
","-4.6625E+01
","-6.449E+00
","-4.6537E+01
","-6.405E+00
","-4.6431E+01
","-6.319E+00
","-4.6285E+01
","-6.284E+00
","-4.6388E+01
","-6.222E+00
","-4.6350E+01
","-6.164E+00
","-4.6263E+01
","-6.112E+00
","-4.6244E+01
","-6.107E+00
","-4.6206E+01
","-6.095E+00
","-4.6138E+01
","-6.055E+00
","-4.6011E+01
","-6.037E+00
","-4.6050E+01
","-5.998E+00
","-4.6048E+01
","-3.0968E+01
","-3.0968E+01
","-5.957E+00
","-4.6151E+01
","-5.892E+00
","-4.6025E+01
","-5.875E+00
","-4.5975E+01
","-5.872E+00
","-4.6000E+01
","-5.894E+00
","-4.5949E+01
","-5.909E+00
","-4.5981E+01
","-5.925E+00
","-4.5984E+01
","-5.935E+00
","-4.5974E+01
","-5.990E+00
","-4.6069E+01
","-5.982E+00
","-4.6030E+01
","-5.940E+00
","-4.5945E+01
","-5.974E+00
","-4.5911E+01
","-5.941E+00
","-4.5755E+01
","-5.935E+00
","-4.5587E+01
","-5.912E+00
","-4.5369E+01
","-5.945E+00
","-4.5298E+01
","-5.974E+00
","-4.5247E+01
","-5.992E+00
","-4.5283E+01
","-6.016E+00
","-4.5291E+01
","-6.024E+00
","-4.5105E+01
","-6.061E+00
","-4.5105E+01
","-6.071E+00
","-4.4932E+01
","-6.048E+00
","-4.4777E+01
","-6.066E+00
","-4.4704E+01
","-6.087E+00
","-4.4684E+01
","-6.067E+00
","-4.4715E+01
","-6.198E+00
","-4.4874E+01
","-6.218E+00
","-4.4871E+01
","-6.316E+00
","-4.3154E+01
","-6.461E+00
","-4.5156E+01
","-5.526E+00
","-4.5212E+01
","-6.636E+00
","-4.5428E+01
","-6.785E+00
","-4.5711E+01
","-6.910E+00
","-4.6046E+01
","-7.027E+00
","-4.6424E+01
","-7.079E+00
","-4.6506E+01
","-7.277E+00
","-4.6995E+01
","-7.402E+00
","-4.7298E+01
","-7.554E+00
","-4.7680E+01
","-7.796E+00
","-4.8284E+01
","-8.058E+00
","-4.8959E+01
","-8.234E+00
","-4.9599E+01
","-8.562E+00
","-5.0458E+01
","-8.817E+00
","-5.1333E+01
","-9.126E+00
","-5.2308E+01
","-9.554E+00
","-5.3498E+01
","-9.947E+00
","-5.4614E+01
","-1.0607E+01
","-5.6219E+01
","-1.1428E+01
","-5.8159E+01
","-1.2325E+01
","-5.9606E+01
","-1.3471E+01
","-6.1274E+01
","-1.4490E+01
","-6.1663E+01
","-1.5998E+01
","-6.2294E+01
","-1.7563E+01
","-6.2725E+01
","-1.9372E+01
","-6.3068E+01
","-2.1822E+01
","-6.3098E+01
","-2.4719E+01
","-6.3695E+01
","-2.8345E+01
","-6.4093E+01
","-3.1741E+01
","-6.4584E+01
","-3.4894E+01
","-6.5034E+01
","-3.3647E+01
","-6.5231E+01
","-3.1441E+01
","-6.5372E+01
","-2.9850E+01
","-6.5569E+01
","-2.8258E+01
","-6.5502E+01
","-2.6798E+01
","-6.5627E+01
","-2.5829E+01
","-6.5671E+01
","-2.4994E+01
","-6.5756E+01
","-2.4446E+01
","-6.5749E+01
","-2.4159E+01
","-6.4212E+01
","-2.3818E+01
","-6.6779E+01
","-2.3535E+01
","-6.6189E+01
","-2.2538E+01
","-6.5561E+01
","-2.2067E+01
","-6.5678E+01
","-2.1566E+01
","-6.5500E+01
","-2.1325E+01
","-6.5750E+01
","-2.1231E+01
","-6.6183E+01
","-2.1091E+01
","-6.6623E+01
","-2.1085E+01
","-6.7483E+01
","-2.0898E+01
","-6.7422E+01
","-2.0897E+01
","-6.7270E+01
","-2.0656E+01
","-6.5608E+01
","-1.9639E+01
","-6.7892E+01
","-2.0719E+01
","-6.7883E+01
","-2.0471E+01
","-6.8074E+01
","-2.0454E+01
","-6.8855E+01
","-2.0663E+01
","-6.9432E+01
","-2.0428E+01
","-6.9442E+01
","-2.0326E+01
","-6.9979E+01
","-2.0553E+01
","-7.0419E+01
","-2.0686E+01
","-7.0270E+01
","-2.0298E+01
","-7.0647E+01
","-2.0680E+01
","-7.1305E+01
","-2.0825E+01
","-7.1079E+01
","-2.0634E+01
","-7.0985E+01
","-2.0604E+01
","-7.2293E+01
","-2.0899E+01
","-7.2441E+01
","-2.0833E+01
","-7.1458E+01
"
-1.0,"-1.8702E+01
","-6.4031E+01
","-1.8762E+01
","-6.3774E+01
","-1.8861E+01
","-6.3678E+01
","-1.9000E+01
","-6.3360E+01
","-1.9080E+01
","-6.3159E+01
","-2.0054E+01
","-6.3187E+01
","-1.9024E+01
","-6.3361E+01
","-1.9029E+01
","-6.2913E+01
","-1.9067E+01
","-6.2623E+01
","-1.9131E+01
","-6.2739E+01
","-1.9063E+01
","-6.2624E+01
","-1.8706E+01
","-6.2789E+01
","-1.9337E+01
","-6.2172E+01
","-1.8325E+01
","-6.1851E+01
","-1.8381E+01
","-6.1720E+01
","-1.8450E+01
","-6.3277E+01
","-1.8518E+01
","-6.1520E+01
","-1.8586E+01
","-6.1598E+01
","-1.8644E+01
","-6.3159E+01
","-1.8804E+01
","-6.1305E+01
","-1.8755E+01
","-6.1390E+01
","-1.8863E+01
","-6.1169E+01
","-1.8999E+01
","-6.1345E+01
","-1.9189E+01
","-6.1187E+01
","-1.9437E+01
","-6.1168E+01
","-1.9682E+01
","-6.1340E+01
","-1.9592E+01
","-6.1294E+01
","-1.9282E+01
","-6.1066E+01
","-1.9159E+01
","-6.0975E+01
","-1.9240E+01
","-6.0940E+01
","-1.9381E+01
","-6.0814E+01
","-1.9298E+01
","-6.0978E+01
","-1.8844E+01
","-6.0502E+01
","-1.9033E+01
","-6.0375E+01
","-1.9466E+01
","-6.0595E+01
","-1.9964E+01
","-6.0854E+01
","-2.0688E+01
","-6.1030E+01
","-2.1147E+01
","-6.1631E+01
","-1.9713E+01
","-6.1493E+01
","-1.9272E+01
","-6.0533E+01
","-1.9670E+01
","-6.0601E+01
","-2.0244E+01
","-6.0752E+01
","-2.1008E+01
","-6.0844E+01
","-2.1319E+01
","-6.3080E+01
","-2.1154E+01
","-6.1147E+01
","-2.1872E+01
","-6.1382E+01
","-2.2718E+01
","-6.1567E+01
","-2.3732E+01
","-6.1899E+01
","-2.4081E+01
","-6.2260E+01
","-2.6869E+01
","-6.2409E+01
","-2.9491E+01
","-6.2900E+01
","-3.3976E+01
","-6.3149E+01
","-4.6295E+01
","-6.3485E+01
","-3.7096E+01
","-6.3375E+01
","-2.9267E+01
","-6.3529E+01
","-2.4758E+01
","-6.4661E+01
","-2.1419E+01
","-6.2358E+01
","-1.8811E+01
","-6.1455E+01
","-1.6445E+01
","-6.0252E+01
","-1.4371E+01
","-5.8411E+01
","-1.2587E+01
","-5.8847E+01
","-1.0967E+01
","-5.4958E+01
","-9.539E+00
","-5.2830E+01
","-8.321E+00
","-5.0964E+01
","-7.366E+00
","-4.9336E+01
","-6.703E+00
","-4.8052E+01
","-6.154E+00
","-4.6920E+01
","-5.820E+00
","-4.6188E+01
","-5.603E+00
","-4.5676E+01
","-5.488E+00
","-4.5403E+01
","-5.481E+00
","-4.5356E+01
","-5.458E+00
","-4.5200E+01
","-5.471E+00
","-4.5158E+01
","-5.505E+00
","-4.5127E+01
","-5.558E+00
","-4.5077E+01
","-5.641E+00
","-4.5166E+01
","-5.689E+00
","-4.5191E+01
","-5.733E+00
","-4.5249E+01
","-5.774E+00
","-4.5267E+01
","-5.774E+00
","-4.5331E+01
","-5.785E+00
","-4.5339E+01
","-5.777E+00
","-4.5290E+01
","-5.755E+00
","-4.5184E+01
","-5.762E+00
","-4.5101E+01
","-5.723E+00
","-4.5046E+01
","-5.668E+00
","-4.4921E+01
","-5.639E+00
","-4.4904E+01
","-5.623E+00
","-4.4967E+01
","-5.577E+00
","-4.4893E+01
","-5.530E+00
","-4.4791E+01
","-5.496E+00
","-4.4697E+01
","-5.460E+00
","-4.4573E+01
","-5.411E+00
","-4.4482E+01
","-5.322E+00
","-4.4336E+01
","-4.297E+00
","-4.6377E+01
","-5.228E+00
","-4.4432E+01
","-5.172E+00
","-4.4318E+01
","-5.118E+00
","-4.4263E+01
","-5.113E+00
","-4.4275E+01
","-5.098E+00
","-4.4174E+01
","-5.058E+00
","-4.4093E+01
","-5.039E+00
","-4.4110E+01
","-5.004E+00
","-4.4070E+01
","-3.0968E+01
","-3.0968E+01
","-4.963E+00
","-4.4214E+01
","-4.898E+00
","-4.4059E+01
","-4.880E+00
","-4.4077E+01
","-4.877E+00
","-4.4061E+01
","-4.896E+00
","-4.4019E+01
","-4.915E+00
","-4.4017E+01
","-4.930E+00
","-4.4046E+01
","-4.939E+00
","-4.4050E+01
","-4.994E+00
","-4.4164E+01
","-4.984E+00
","-4.4132E+01
","-4.940E+00
","-4.4031E+01
","-4.977E+00
","-4.3990E+01
","-4.945E+00
","-4.3825E+01
","-4.934E+00
","-4.3643E+01
","-4.915E+00
","-4.3471E+01
","-4.945E+00
","-4.3414E+01
","-4.973E+00
","-4.3330E+01
","-4.993E+00
","-4.3359E+01
","-5.018E+00
","-4.1433E+01
","-5.023E+00
","-4.3194E+01
","-5.063E+00
","-4.3165E+01
","-5.071E+00
","-4.2993E+01
","-5.045E+00
","-4.2865E+01
","-5.067E+00
","-4.2798E+01
","-5.088E+00
","-4.0835E+01
","-5.062E+00
","-4.2744E+01
","-5.192E+00
","-4.2907E+01
","-5.213E+00
","-4.2884E+01
","-5.313E+00
","-4.2993E+01
","-5.456E+00
","-4.3180E+01
","-5.525E+00
","-4.3229E+01
","-5.631E+00
","-4.3459E+01
","-5.779E+00
","-4.3719E+01
","-5.906E+00
","-4.4053E+01
","-6.021E+00
","-4.4394E+01
","-6.073E+00
","-4.4509E+01
","-6.271E+00
","-4.4964E+01
","-6.396E+00
","-4.5269E+01
","-6.353E+00
","-4.5697E+01
","-6.792E+00
","-4.6278E+01
","-7.051E+00
","-4.6961E+01
","-7.226E+00
","-4.7502E+01
","-7.559E+00
","-4.8480E+01
","-7.812E+00
","-4.9321E+01
","-8.124E+00
","-5.0331E+01
","-8.547E+00
","-5.3461E+01
","-8.943E+00
","-5.2737E+01
","-9.606E+00
","-5.4315E+01
","-1.0422E+01
","-5.6172E+01
","-1.1320E+01
","-5.7803E+01
","-1.2471E+01
","-5.9334E+01
","-1.3490E+01
","-6.0001E+01
","-1.4995E+01
","-6.0357E+01
","-1.6565E+01
","-6.0755E+01
","-1.8371E+01
","-6.0692E+01
","-2.0825E+01
","-6.1116E+01
","-2.3718E+01
","-6.1614E+01
","-2.7343E+01
","-6.2058E+01
","-3.0739E+01
","-6.2529E+01
","-3.3890E+01
","-6.3185E+01
","-3.3653E+01
","-6.3551E+01
","-3.0439E+01
","-6.3225E+01
","-2.8850E+01
","-6.3435E+01
","-2.7256E+01
","-6.3202E+01
","-2.5798E+01
","-6.3519E+01
","-2.4826E+01
","-6.3520E+01
","-2.3991E+01
","-6.3676E+01
","-2.3450E+01
","-6.3941E+01
","-2.3160E+01
","-6.4028E+01
","-2.2814E+01
","-6.4198E+01
","-2.2536E+01
","-6.3804E+01
","-2.1537E+01
","-6.3547E+01
","-2.1066E+01
","-6.3551E+01
","-2.0564E+01
","-6.3488E+01
","-2.0326E+01
","-6.3596E+01
","-2.0232E+01
","-6.4194E+01
","-2.0095E+01
","-6.4383E+01
","-2.0085E+01
","-6.4969E+01
","-1.9893E+01
","-6.4992E+01
","-2.0078E+01
","-6.5383E+01
","-1.9652E+01
","-6.5505E+01
","-1.9638E+01
","-6.5680E+01
","-1.9726E+01
","-6.5853E+01
","-1.9473E+01
","-6.5917E+01
","-1.9449E+01
","-6.6364E+01
","-1.9659E+01
","-6.7063E+01
","-1.9429E+01
","-6.7306E+01
","-1.9323E+01
","-6.7825E+01
","-1.9552E+01
","-6.8321E+01
","-1.9686E+01
","-6.8207E+01
","-1.9294E+01
","-6.8074E+01
","-1.9678E+01
","-6.9081E+01
","-1.9824E+01
","-6.8406E+01
","-1.9637E+01
","-6.8766E+01
","-1.9602E+01
","-6.9666E+01
","-1.9898E+01
","-6.9649E+01
","-1.9831E+01
","-6.8955E+01
"
0.0,"-1.7703E+01
","-6.2155E+01
","-1.7764E+01
","-6.1838E+01
","-1.7862E+01
","-6.1704E+01
","-1.8003E+01
","-6.1574E+01
","-1.8082E+01
","-6.1537E+01
","-1.8055E+01
","-6.1412E+01
","-1.8023E+01
","-6.1126E+01
","-1.8031E+01
","-6.1100E+01
","-1.8072E+01
","-6.1147E+01
","-1.8134E+01
","-6.0996E+01
","-1.8065E+01
","-6.0881E+01
","-1.7710E+01
","-6.0801E+01
","-1.7338E+01
","-6.0281E+01
","-1.7321E+01
","-6.0193E+01
","-1.7385E+01
","-6.1631E+01
","-1.8451E+01
","-6.0002E+01
","-1.7522E+01
","-6.1586E+01
","-1.7588E+01
","-6.1555E+01
","-1.8644E+01
","-5.9689E+01
","-1.7685E+01
","-5.9697E+01
","-1.7756E+01
","-5.9708E+01
","-1.8858E+01
","-5.9419E+01
","-1.8002E+01
","-5.9475E+01
","-1.8193E+01
","-5.9478E+01
","-1.8443E+01
","-5.9474E+01
","-1.8684E+01
","-5.9514E+01
","-1.8593E+01
","-5.9453E+01
","-1.8281E+01
","-5.9412E+01
","-1.8162E+01
","-5.9160E+01
","-1.8242E+01
","-5.9082E+01
","-1.8380E+01
","-5.9068E+01
","-1.8303E+01
","-5.9270E+01
","-1.7850E+01
","-5.8649E+01
","-1.8039E+01
","-5.8605E+01
","-1.8469E+01
","-5.8711E+01
","-1.8963E+01
","-5.8786E+01
","-1.9692E+01
","-5.9260E+01
","-2.0158E+01
","-5.9724E+01
","-1.8720E+01
","-5.9395E+01
","-1.8278E+01
","-5.8714E+01
","-1.8674E+01
","-5.8694E+01
","-1.9253E+01
","-5.8832E+01
","-2.0014E+01
","-5.8919E+01
","-2.0322E+01
","-5.9423E+01
","-2.0158E+01
","-5.9356E+01
","-2.0875E+01
","-5.9375E+01
","-2.1719E+01
","-5.9649E+01
","-2.2732E+01
","-5.9890E+01
","-2.4075E+01
","-6.0223E+01
","-2.5868E+01
","-6.0593E+01
","-2.8489E+01
","-6.1055E+01
","-3.2954E+01
","-6.1450E+01
","-4.5288E+01
","-6.1595E+01
","-3.6101E+01
","-6.1660E+01
","-2.8267E+01
","-6.1512E+01
","-2.3761E+01
","-6.1089E+01
","-2.0422E+01
","-6.0340E+01
","-1.7814E+01
","-5.9556E+01
","-1.5452E+01
","-5.8002E+01
","-1.3377E+01
","-5.6543E+01
","-1.1594E+01
","-5.4956E+01
","-9.974E+00
","-5.2919E+01
","-8.544E+00
","-5.0850E+01
","-7.322E+00
","-4.9005E+01
","-6.365E+00
","-4.7388E+01
","-5.697E+00
","-4.6112E+01
","-5.150E+00
","-4.5010E+01
","-4.812E+00
","-4.4256E+01
","-5.462E+00
","-4.3781E+01
","-4.488E+00
","-4.3510E+01
","-4.480E+00
","-4.3451E+01
","-4.460E+00
","-4.3321E+01
","-4.476E+00
","-4.3265E+01
","-4.512E+00
","-4.3213E+01
","-4.565E+00
","-4.3205E+01
","-4.652E+00
","-4.3253E+01
","-4.699E+00
","-4.3308E+01
","-4.744E+00
","-4.3367E+01
","-4.787E+00
","-4.3359E+01
","-4.783E+00
","-4.3430E+01
","-4.794E+00
","-4.3415E+01
","-4.788E+00
","-4.3346E+01
","-4.764E+00
","-4.3283E+01
","-4.773E+00
","-4.3215E+01
","-4.734E+00
","-4.3109E+01
","-4.678E+00
","-4.2974E+01
","-4.650E+00
","-4.2982E+01
","-4.631E+00
","-4.3035E+01
","-4.587E+00
","-4.2930E+01
","-4.542E+00
","-4.2889E+01
","-4.504E+00
","-4.2771E+01
","-4.469E+00
","-4.2666E+01
","-4.421E+00
","-4.2561E+01
","-4.331E+00
","-4.2414E+01
","-4.298E+00
","-4.2465E+01
","-4.238E+00
","-4.2472E+01
","-4.178E+00
","-4.2377E+01
","-4.125E+00
","-4.2347E+01
","-4.119E+00
","-4.2323E+01
","-4.104E+00
","-4.2245E+01
","-4.063E+00
","-4.2155E+01
","-4.047E+00
","-4.2167E+01
","-4.010E+00
","-4.2143E+01
","-3.0968E+01
","-4.2322E+01
","-3.966E+00
","-4.2298E+01
","-3.900E+00
","-4.2164E+01
","-3.883E+00
","-4.2155E+01
","-3.877E+00
","-4.2124E+01
","-3.902E+00
","-4.2130E+01
","-3.918E+00
","-4.2099E+01
","-4.697E+00
","-4.2128E+01
","-3.940E+00
","-4.3707E+01
","-3.999E+00
","-4.2247E+01
","-3.990E+00
","-4.2223E+01
","-3.946E+00
","-4.2128E+01
","-3.988E+00
","-4.2106E+01
","-3.943E+00
","-4.1915E+01
","-3.938E+00
","-4.1740E+01
","-3.914E+00
","-4.1562E+01
","-3.946E+00
","-4.1527E+01
","-3.978E+00
","-4.1438E+01
","-3.994E+00
","-4.1468E+01
","-4.017E+00
","-4.1434E+01
","-4.023E+00
","-4.1292E+01
","-4.060E+00
","-4.1241E+01
","-4.068E+00
","-4.1106E+01
","-4.044E+00
","-4.0943E+01
","-4.059E+00
","-4.0861E+01
","-4.083E+00
","-4.0205E+01
","-4.059E+00
","-4.0811E+01
","-4.188E+00
","-4.0965E+01
","-4.208E+00
","-4.0967E+01
","-4.304E+00
","-4.1038E+01
","-4.450E+00
","-4.1236E+01
","-4.517E+00
","-4.1293E+01
","-4.622E+00
","-4.1450E+01
","-4.770E+00
","-4.1763E+01
","-4.896E+00
","-4.2071E+01
","-5.013E+00
","-4.2413E+01
","-5.064E+00
","-4.2535E+01
","-5.262E+00
","-4.2992E+01
","-5.388E+00
","-4.3306E+01
","-5.538E+00
","-4.3699E+01
","-5.784E+00
","-4.4273E+01
","-6.044E+00
","-4.4965E+01
","-6.218E+00
","-4.5518E+01
","-6.549E+00
","-4.6498E+01
","-6.805E+00
","-4.7351E+01
","-7.118E+00
","-4.8346E+01
","-7.540E+00
","-4.9548E+01
","-7.939E+00
","-5.0720E+01
","-8.598E+00
","-5.2407E+01
","-9.417E+00
","-5.4326E+01
","-1.0316E+01
","-5.5999E+01
","-1.1468E+01
","-5.7556E+01
","-1.2487E+01
","-5.8060E+01
","-1.3992E+01
","-5.8383E+01
","-1.5561E+01
","-5.8786E+01
","-1.7367E+01
","-5.8914E+01
","-1.9821E+01
","-5.9096E+01
","-2.2718E+01
","-5.9433E+01
","-2.6338E+01
","-6.0098E+01
","-2.9738E+01
","-6.0462E+01
","-3.2895E+01
","-6.0811E+01
","-3.1642E+01
","-6.1173E+01
","-2.9433E+01
","-6.1174E+01
","-2.7845E+01
","-6.1313E+01
","-2.6254E+01
","-6.1348E+01
","-2.4795E+01
","-6.1288E+01
","-2.3827E+01
","-6.1471E+01
","-2.2992E+01
","-6.1416E+01
","-2.2447E+01
","-6.1757E+01
","-2.2157E+01
","-6.1937E+01
","-2.1811E+01
","-6.2098E+01
","-2.1535E+01
","-6.1953E+01
","-2.0533E+01
","-6.1340E+01
","-2.0065E+01
","-6.1281E+01
","-1.9562E+01
","-6.1599E+01
","-1.9323E+01
","-6.1526E+01
","-1.9232E+01
","-5.9974E+01
","-1.9089E+01
","-6.2217E+01
","-1.9083E+01
","-6.2737E+01
","-1.8893E+01
","-6.2752E+01
","-1.8899E+01
","-6.3274E+01
","-1.8651E+01
","-6.3243E+01
","-1.8639E+01
","-6.3581E+01
","-1.8722E+01
","-6.3631E+01
","-1.8473E+01
","-6.3617E+01
","-1.8448E+01
","-6.4351E+01
","-1.8660E+01
","-6.4786E+01
","-1.8430E+01
","-6.4587E+01
","-1.8323E+01
","-6.5234E+01
","-1.8551E+01
","-6.6105E+01
","-1.8685E+01
","-6.6003E+01
","-1.8294E+01
","-6.5966E+01
","-1.8678E+01
","-6.6696E+01
","-1.8824E+01
","-6.6696E+01
","-1.8632E+01
","-6.6403E+01
","-1.8602E+01
","-6.7368E+01
","-1.8899E+01
","-6.7664E+01
","-1.8831E+01
","-6.6684E+01
"
1.0,"-1.6705E+01
","-6.0334E+01
","-1.6764E+01
","-6.0045E+01
","-1.6866E+01
","-5.9932E+01
","-1.7003E+01
","-5.9892E+01
","-1.7085E+01
","-5.9884E+01
","-1.7055E+01
","-5.9639E+01
","-1.7025E+01
","-5.9686E+01
","-1.7033E+01
","-5.9325E+01
","-1.7072E+01
","-5.9195E+01
","-1.7136E+01
","-5.9940E+01
","-1.8063E+01
","-5.9235E+01
","-1.6709E+01
","-5.9082E+01
","-1.6345E+01
","-6.0264E+01
","-1.6330E+01
","-5.8406E+01
","-1.6390E+01
","-5.8217E+01
","-1.6457E+01
","-5.8166E+01
","-1.6525E+01
","-5.8046E+01
","-1.7587E+01
","-5.8050E+01
","-1.6649E+01
","-5.7838E+01
","-1.6689E+01
","-5.7821E+01
","-1.6761E+01
","-5.7690E+01
","-1.6865E+01
","-5.7615E+01
","-1.7005E+01
","-5.7539E+01
","-1.7192E+01
","-5.7591E+01
","-1.8443E+01
","-5.7631E+01
","-1.7691E+01
","-5.7838E+01
","-1.8592E+01
","-5.7647E+01
","-1.7287E+01
","-5.7520E+01
","-1.7166E+01
","-5.7361E+01
","-1.7251E+01
","-5.7241E+01
","-1.7384E+01
","-5.7193E+01
","-1.7307E+01
","-5.7308E+01
","-1.6851E+01
","-5.6891E+01
","-1.7036E+01
","-5.6819E+01
","-1.7470E+01
","-5.6893E+01
","-1.7969E+01
","-5.7117E+01
","-1.8694E+01
","-5.7321E+01
","-1.9157E+01
","-5.8063E+01
","-1.7722E+01
","-5.7613E+01
","-1.7284E+01
","-5.6970E+01
","-1.7671E+01
","-5.6775E+01
","-1.8253E+01
","-5.6949E+01
","-1.9012E+01
","-5.7277E+01
","-1.9323E+01
","-5.7589E+01
","-2.0095E+01
","-5.7403E+01
","-1.9870E+01
","-5.7748E+01
","-2.0721E+01
","-5.7810E+01
","-2.1732E+01
","-5.7990E+01
","-2.3075E+01
","-5.8316E+01
","-2.4869E+01
","-5.8708E+01
","-2.7479E+01
","-5.9171E+01
","-3.1963E+01
","-5.9377E+01
","-4.4226E+01
","-5.9625E+01
","-3.5104E+01
","-5.9709E+01
","-2.7266E+01
","-5.9671E+01
","-2.2762E+01
","-5.9218E+01
","-1.9423E+01
","-5.8548E+01
","-1.6817E+01
","-5.7599E+01
","-1.4457E+01
","-5.6161E+01
","-1.2382E+01
","-5.4554E+01
","-1.0599E+01
","-5.2992E+01
","-8.980E+00
","-5.0969E+01
","-7.548E+00
","-4.8877E+01
","-6.323E+00
","-4.7035E+01
","-5.363E+00
","-4.5443E+01
","-4.695E+00
","-4.4199E+01
","-4.142E+00
","-4.3070E+01
","-3.807E+00
","-4.2364E+01
","-3.594E+00
","-4.2184E+01
","-3.483E+00
","-4.1624E+01
","-3.480E+00
","-4.1556E+01
","-3.461E+00
","-4.1423E+01
","-3.480E+00
","-4.1374E+01
","-3.517E+00
","-4.1309E+01
","-3.572E+00
","-4.1311E+01
","-3.660E+00
","-4.1389E+01
","-3.708E+00
","-4.1404E+01
","-3.752E+00
","-4.1450E+01
","-3.796E+00
","-4.1485E+01
","-3.796E+00
","-4.1542E+01
","-3.810E+00
","-4.1531E+01
","-3.800E+00
","-4.1482E+01
","-3.777E+00
","-4.1402E+01
","-3.785E+00
","-4.1321E+01
","-3.748E+00
","-4.1218E+01
","-3.693E+00
","-4.1096E+01
","-3.665E+00
","-4.1092E+01
","-3.647E+00
","-4.1147E+01
","-4.559E+00
","-4.1027E+01
","-3.555E+00
","-4.0965E+01
","-3.519E+00
","-4.0868E+01
","-3.483E+00
","-4.0766E+01
","-3.434E+00
","-4.0655E+01
","-3.345E+00
","-4.0500E+01
","-3.310E+00
","-4.0587E+01
","-3.249E+00
","-4.0568E+01
","-3.190E+00
","-4.0494E+01
","-3.135E+00
","-4.0432E+01
","-3.132E+00
","-4.0430E+01
","-3.114E+00
","-4.0338E+01
","-3.073E+00
","-4.0246E+01
","-3.054E+00
","-4.0276E+01
","-3.019E+00
","-4.0231E+01
","-3.0968E+01
","-4.0403E+01
","-2.975E+00
","-4.0364E+01
","-2.910E+00
","-4.0233E+01
","-2.893E+00
","-4.0236E+01
","-2.889E+00
","-4.0213E+01
","-2.907E+00
","-4.0223E+01
","-2.924E+00
","-4.0207E+01
","-2.942E+00
","-4.0227E+01
","-2.949E+00
","-4.0242E+01
","-3.002E+00
","-4.0356E+01
","-2.996E+00
","-4.0331E+01
","-2.953E+00
","-4.0250E+01
","-2.985E+00
","-4.0217E+01
","-2.950E+00
","-4.0040E+01
","-2.943E+00
","-3.9862E+01
","-3.917E+00
","-3.9690E+01
","-2.952E+00
","-3.9645E+01
","-3.975E+00
","-3.9567E+01
","-2.997E+00
","-3.9557E+01
","-3.020E+00
","-3.9544E+01
","-3.022E+00
","-3.9406E+01
","-3.060E+00
","-3.9342E+01
","-3.068E+00
","-3.9189E+01
","-3.040E+00
","-3.9032E+01
","-3.058E+00
","-3.8947E+01
","-3.079E+00
","-3.8929E+01
","-3.053E+00
","-3.8889E+01
","-3.184E+00
","-3.9052E+01
","-3.203E+00
","-3.9019E+01
","-3.298E+00
","-3.9104E+01
","-3.442E+00
","-3.9286E+01
","-3.509E+00
","-3.9338E+01
","-3.612E+00
","-3.9519E+01
","-3.760E+00
","-3.9798E+01
","-3.889E+00
","-4.0125E+01
","-4.005E+00
","-4.0428E+01
","-4.055E+00
","-4.0568E+01
","-4.257E+00
","-4.1009E+01
","-4.378E+00
","-4.1319E+01
","-4.761E+00
","-4.1721E+01
","-4.775E+00
","-4.2270E+01
","-5.038E+00
","-4.4944E+01
","-5.212E+00
","-4.3541E+01
","-5.544E+00
","-4.4499E+01
","-5.800E+00
","-4.7335E+01
","-6.112E+00
","-4.6394E+01
","-6.534E+00
","-4.7606E+01
","-6.934E+00
","-4.8773E+01
","-7.593E+00
","-5.0492E+01
","-8.415E+00
","-5.2339E+01
","-9.314E+00
","-5.4079E+01
","-1.0465E+01
","-5.5776E+01
","-1.1488E+01
","-5.6174E+01
","-1.2995E+01
","-5.6587E+01
","-1.4561E+01
","-5.6935E+01
","-1.7367E+01
","-5.6790E+01
","-1.9820E+01
","-5.9135E+01
","-2.1714E+01
","-5.7529E+01
","-2.5341E+01
","-5.8090E+01
","-2.8741E+01
","-5.8455E+01
","-3.1892E+01
","-5.8903E+01
","-3.0639E+01
","-5.9171E+01
","-2.8435E+01
","-5.9213E+01
","-2.6844E+01
","-5.9240E+01
","-2.5251E+01
","-5.9257E+01
","-2.3796E+01
","-5.7250E+01
","-2.2827E+01
","-5.9368E+01
","-2.1992E+01
","-5.9407E+01
","-2.1446E+01
","-5.9600E+01
","-2.1157E+01
","-5.9686E+01
","-2.0813E+01
","-6.0068E+01
","-2.0537E+01
","-5.9727E+01
","-1.9534E+01
","-5.9298E+01
","-1.9064E+01
","-5.9296E+01
","-1.8561E+01
","-5.9266E+01
","-1.8323E+01
","-5.9457E+01
","-1.8233E+01
","-5.9879E+01
","-1.8093E+01
","-6.0187E+01
","-1.8085E+01
","-6.0464E+01
","-1.7894E+01
","-6.0728E+01
","-1.7898E+01
","-6.0932E+01
","-1.7654E+01
","-6.1085E+01
","-1.7642E+01
","-6.1441E+01
","-1.7724E+01
","-6.1467E+01
","-1.7474E+01
","-6.1574E+01
","-1.7449E+01
","-6.2183E+01
","-1.7663E+01
","-6.2473E+01
","-1.7427E+01
","-6.2440E+01
","-1.7324E+01
","-6.3136E+01
","-1.7553E+01
","-6.3814E+01
","-1.7687E+01
","-6.3516E+01
","-1.7295E+01
","-6.3830E+01
","-1.7679E+01
","-6.6870E+01
","-1.6824E+01
","-6.4218E+01
","-1.7632E+01
","-6.4305E+01
","-1.7602E+01
","-6.5143E+01
","-1.7900E+01
","-6.5299E+01
","-1.7833E+01
","-6.4419E+01
"
2.0,"-1.5709E+01
","-6.0223E+01
","-1.5770E+01
","-5.8354E+01
","-1.5867E+01
","-5.8322E+01
","-1.6010E+01
","-5.8029E+01
","-1.6086E+01
","-5.8039E+01
","-1.6078E+01
","-5.7793E+01
","-1.6031E+01
","-5.7721E+01
","-1.6036E+01
","-5.9399E+01
","-1.6078E+01
","-5.7443E+01
","-1.6138E+01
","-5.7427E+01
","-1.6074E+01
","-5.7419E+01
","-1.5717E+01
","-5.7103E+01
","-1.5352E+01
","-5.6704E+01
","-1.5337E+01
","-5.6535E+01
","-1.5393E+01
","-5.6452E+01
","-1.5461E+01
","-5.6350E+01
","-1.5529E+01
","-5.6282E+01
","-1.5596E+01
","-5.6206E+01
","-1.5656E+01
","-5.6104E+01
","-1.6689E+01
","-5.5997E+01
","-1.6760E+01
","-5.5839E+01
","-1.5869E+01
","-5.5796E+01
","-1.6050E+01
","-5.5711E+01
","-1.6198E+01
","-5.5749E+01
","-1.6449E+01
","-5.5890E+01
","-1.6693E+01
","-5.5843E+01
","-1.6600E+01
","-5.5864E+01
","-1.6294E+01
","-5.5745E+01
","-1.5179E+01
","-5.5465E+01
","-1.6254E+01
","-5.5427E+01
","-1.6389E+01
","-5.5357E+01
","-1.6313E+01
","-5.5434E+01
","-1.5860E+01
","-5.4976E+01
","-1.6044E+01
","-5.4906E+01
","-1.6475E+01
","-5.5011E+01
","-1.6973E+01
","-5.5168E+01
","-1.7696E+01
","-5.5481E+01
","-1.8157E+01
","-5.6044E+01
","-1.6725E+01
","-5.5767E+01
","-1.6285E+01
","-5.4916E+01
","-1.6678E+01
","-5.4956E+01
","-1.7254E+01
","-5.5113E+01
","-1.8019E+01
","-5.7245E+01
","-1.8327E+01
","-5.6086E+01
","-1.8158E+01
","-5.5582E+01
","-1.8877E+01
","-5.5609E+01
","-1.9723E+01
","-5.5912E+01
","-2.0733E+01
","-5.6177E+01
","-2.2074E+01
","-5.6452E+01
","-2.3869E+01
","-5.6721E+01
","-2.6481E+01
","-5.7191E+01
","-3.0952E+01
","-5.7578E+01
","-4.3181E+01
","-5.7770E+01
","-3.4099E+01
","-5.7878E+01
","-2.6267E+01
","-5.7760E+01
","-2.1766E+01
","-5.9136E+01
","-1.8426E+01
","-5.6646E+01
","-1.5822E+01
","-5.5640E+01
","-1.3460E+01
","-5.4192E+01
","-1.1393E+01
","-5.2615E+01
","-9.609E+00
","-5.1011E+01
","-7.989E+00
","-4.9030E+01
","-6.555E+00
","-4.6985E+01
","-5.327E+00
","-4.5138E+01
","-4.363E+00
","-4.3528E+01
","-3.692E+00
","-4.2291E+01
","-3.137E+00
","-4.1170E+01
","-2.802E+00
","-4.0461E+01
","-2.592E+00
","-3.9993E+01
","-2.483E+00
","-3.9746E+01
","-2.480E+00
","-3.9695E+01
","-2.464E+00
","-3.9554E+01
","-2.489E+00
","-3.9501E+01
","-2.527E+00
","-3.9467E+01
","-2.585E+00
","-3.9463E+01
","-2.671E+00
","-3.9500E+01
","-2.723E+00
","-3.9551E+01
","-2.769E+00
","-3.9606E+01
","-2.814E+00
","-3.9627E+01
","-2.813E+00
","-3.9660E+01
","-2.825E+00
","-3.9654E+01
","-2.818E+00
","-3.9610E+01
","-2.796E+00
","-3.9518E+01
","-2.804E+00
","-3.9448E+01
","-2.765E+00
","-3.9336E+01
","-2.709E+00
","-3.9213E+01
","-3.051E+00
","-3.9206E+01
","-2.664E+00
","-3.9250E+01
","-2.615E+00
","-3.9147E+01
","-2.569E+00
","-3.9082E+01
","-2.534E+00
","-3.8973E+01
","-2.496E+00
","-3.8880E+01
","-2.449E+00
","-3.8757E+01
","-2.360E+00
","-3.9940E+01
","-2.325E+00
","-3.8691E+01
","-2.263E+00
","-3.8679E+01
","-2.203E+00
","-3.8580E+01
","-3.135E+00
","-3.8523E+01
","-2.141E+00
","-3.8509E+01
","-2.127E+00
","-3.8428E+01
","-2.078E+00
","-3.8341E+01
","-2.067E+00
","-3.8365E+01
","-2.026E+00
","-3.8354E+01
","-3.0968E+01
","-3.8519E+01
","-1.986E+00
","-3.8473E+01
","-1.920E+00
","-3.8360E+01
","-1.905E+00
","-3.8352E+01
","-1.916E+00
","-3.8335E+01
","-1.916E+00
","-3.8317E+01
","-1.932E+00
","-3.8350E+01
","-1.948E+00
","-3.8348E+01
","-1.959E+00
","-3.8359E+01
","-2.014E+00
","-3.8479E+01
","-2.001E+00
","-3.8468E+01
","-1.960E+00
","-3.8366E+01
","-1.995E+00
","-3.8358E+01
","-1.958E+00
","-3.8145E+01
","-1.947E+00
","-3.7992E+01
","-1.927E+00
","-3.7802E+01
","-1.958E+00
","-3.7773E+01
","-1.985E+00
","-3.7695E+01
","-2.002E+00
","-3.7717E+01
","-2.025E+00
","-3.7681E+01
","-2.025E+00
","-3.7545E+01
","-1.061E+00
","-3.7484E+01
","-2.067E+00
","-3.7333E+01
","-2.042E+00
","-3.7132E+01
","-2.056E+00
","-3.7052E+01
","-2.076E+00
","-3.7036E+01
","-2.052E+00
","-3.6983E+01
","-2.187E+00
","-3.7143E+01
","-2.197E+00
","-3.7112E+01
","-2.292E+00
","-3.7193E+01
","-2.433E+00
","-3.7330E+01
","-2.502E+00
","-3.7401E+01
","-2.606E+00
","-3.7579E+01
","-3.099E+00
","-3.7857E+01
","-2.878E+00
","-3.8161E+01
","-2.995E+00
","-3.8482E+01
","-3.046E+00
","-3.8598E+01
","-3.244E+00
","-3.9042E+01
","-2.357E+00
","-3.9372E+01
","-3.524E+00
","-3.9749E+01
","-3.767E+00
","-4.0320E+01
","-4.031E+00
","-4.0986E+01
","-4.204E+00
","-4.1557E+01
","-4.536E+00
","-4.2521E+01
","-4.792E+00
","-4.3389E+01
","-5.104E+00
","-4.4413E+01
","-5.530E+00
","-4.5630E+01
","-5.929E+00
","-4.6845E+01
","-6.590E+00
","-4.8582E+01
","-7.411E+00
","-5.0523E+01
","-8.312E+00
","-5.2233E+01
","-9.466E+00
","-5.3903E+01
","-1.0486E+01
","-5.4361E+01
","-1.1995E+01
","-5.4679E+01
","-1.2832E+01
","-5.4855E+01
","-1.5368E+01
","-5.4841E+01
","-1.7825E+01
","-5.5120E+01
","-2.0718E+01
","-5.5455E+01
","-2.4349E+01
","-5.5983E+01
","-2.7745E+01
","-5.6421E+01
","-3.0892E+01
","-5.6781E+01
","-2.9640E+01
","-5.7087E+01
","-2.7436E+01
","-5.7013E+01
","-2.5846E+01
","-5.7247E+01
","-2.4250E+01
","-5.7262E+01
","-2.2793E+01
","-5.7241E+01
","-2.1826E+01
","-5.7350E+01
","-2.0258E+01
","-5.7380E+01
","-2.0445E+01
","-5.7663E+01
","-2.0159E+01
","-5.7706E+01
","-1.9815E+01
","-5.7738E+01
","-1.9534E+01
","-5.7748E+01
","-1.8534E+01
","-5.7229E+01
","-1.8062E+01
","-5.7354E+01
","-1.7563E+01
","-5.7192E+01
","-1.7324E+01
","-5.7350E+01
","-1.7232E+01
","-5.7795E+01
","-1.7092E+01
","-5.8043E+01
","-1.7085E+01
","-5.8395E+01
","-1.6894E+01
","-5.8522E+01
","-1.6898E+01
","-5.8737E+01
","-1.6656E+01
","-5.8912E+01
","-1.6641E+01
","-5.9335E+01
","-1.6724E+01
","-5.9355E+01
","-1.6473E+01
","-5.9387E+01
","-1.6447E+01
","-5.9973E+01
","-1.6664E+01
","-6.0315E+01
","-1.6431E+01
","-6.0350E+01
","-1.6322E+01
","-6.0864E+01
","-1.6552E+01
","-6.1812E+01
","-1.6684E+01
","-6.1305E+01
","-1.6298E+01
","-6.1551E+01
","-1.6679E+01
","-6.2551E+01
","-1.6827E+01
","-6.2044E+01
","-1.6633E+01
","-6.1839E+01
","-1.6603E+01
","-6.2989E+01
","-1.6898E+01
","-6.3038E+01
","-1.6833E+01
","-6.2430E+01
"
3.0,"-1.4716E+01
","-5.6707E+01
","-1.4775E+01
","-5.6511E+01
","-1.4870E+01
","-5.6349E+01
","-1.5013E+01
","-5.6269E+01
","-1.5090E+01
","-5.6196E+01
","-1.5062E+01
","-5.6082E+01
","-1.5033E+01
","-5.5821E+01
","-1.5040E+01
","-5.5826E+01
","-1.5083E+01
","-5.5777E+01
","-1.5470E+01
","-5.5561E+01
","-1.5079E+01
","-5.5536E+01
","-1.4729E+01
","-5.5299E+01
","-1.4357E+01
","-5.5019E+01
","-1.4339E+01
","-5.4661E+01
","-1.4400E+01
","-5.6419E+01
","-1.5014E+01
","-5.4566E+01
","-1.4539E+01
","-5.6203E+01
","-1.4603E+01
","-5.4257E+01
","-1.5656E+01
","-5.4297E+01
","-1.4700E+01
","-5.4120E+01
","-1.4771E+01
","-5.4016E+01
","-1.4876E+01
","-5.3951E+01
","-1.5016E+01
","-5.3895E+01
","-1.5203E+01
","-5.3840E+01
","-1.5451E+01
","-5.3857E+01
","-1.5699E+01
","-5.4024E+01
","-1.5607E+01
","-5.4020E+01
","-1.5297E+01
","-5.3848E+01
","-1.5179E+01
","-5.3640E+01
","-1.5257E+01
","-5.3500E+01
","-1.5398E+01
","-5.3515E+01
","-1.5318E+01
","-5.3573E+01
","-1.4866E+01
","-5.4138E+01
","-1.5052E+01
","-5.3088E+01
","-1.5483E+01
","-5.3089E+01
","-1.5979E+01
","-5.3296E+01
","-1.6700E+01
","-5.3567E+01
","-1.7161E+01
","-5.4127E+01
","-1.5729E+01
","-5.3785E+01
","-1.5849E+01
","-5.3053E+01
","-1.5687E+01
","-5.3078E+01
","-1.6263E+01
","-5.3229E+01
","-1.7023E+01
","-5.3420E+01
","-1.7328E+01
","-5.3729E+01
","-1.7166E+01
","-5.3560E+01
","-1.7876E+01
","-5.3688E+01
","-1.8722E+01
","-5.4014E+01
","-1.9738E+01
","-5.4237E+01
","-2.1074E+01
","-5.4502E+01
","-2.2865E+01
","-5.4851E+01
","-2.5474E+01
","-5.5289E+01
","-2.9945E+01
","-5.5473E+01
","-4.2128E+01
","-5.5816E+01
","-3.3096E+01
","-5.5808E+01
","-2.5272E+01
","-5.5776E+01
","-2.0766E+01
","-5.5269E+01
","-1.7430E+01
","-5.4615E+01
","-1.4828E+01
","-5.3666E+01
","-1.2473E+01
","-5.2225E+01
","-1.0401E+01
","-5.0580E+01
","-8.620E+00
","-4.8987E+01
","-7.001E+00
","-4.7038E+01
","-5.566E+00
","-4.4989E+01
","-4.334E+00
","-4.3168E+01
","-3.364E+00
","-4.1598E+01
","-2.690E+00
","-4.0382E+01
","-2.132E+00
","-3.9277E+01
","-1.796E+00
","-3.8584E+01
","-1.587E+00
","-3.8113E+01
","-1.481E+00
","-3.7895E+01
","-1.483E+00
","-3.7838E+01
","-1.469E+00
","-3.7690E+01
","-1.496E+00
","-3.7662E+01
","-1.539E+00
","-3.7628E+01
","-1.598E+00
","-3.7611E+01
","-1.685E+00
","-3.7666E+01
","-1.738E+00
","-3.7692E+01
","-1.783E+00
","-3.7754E+01
","-1.832E+00
","-3.7774E+01
","-1.833E+00
","-3.7819E+01
","-1.846E+00
","-3.7798E+01
","-1.838E+00
","-3.7777E+01
","-1.818E+00
","-3.7662E+01
","-1.828E+00
","-3.7608E+01
","-1.788E+00
","-3.7500E+01
","-1.732E+00
","-3.7356E+01
","-1.703E+00
","-3.7362E+01
","-1.687E+00
","-3.7399E+01
","-1.635E+00
","-3.7298E+01
","-1.590E+00
","-3.7219E+01
","-1.555E+00
","-3.7117E+01
","-1.518E+00
","-3.7007E+01
","-1.467E+00
","-3.6896E+01
","-1.380E+00
","-3.6733E+01
","-2.326E+00
","-3.6817E+01
","-1.282E+00
","-3.6791E+01
","-1.218E+00
","-3.6699E+01
","-1.166E+00
","-3.6635E+01
","-1.159E+00
","-3.6631E+01
","-1.142E+00
","-3.6557E+01
","-1.098E+00
","-3.6461E+01
","-1.082E+00
","-3.6480E+01
","-1.045E+00
","-3.6484E+01
","-3.0968E+01
","-3.6627E+01
","-9.98E-01
","-3.6602E+01
","-9.32E-01
","-3.6493E+01
","-9.15E-01
","-3.6499E+01
","-9.08E-01
","-3.6475E+01
","-9.28E-01
","-3.6461E+01
","-9.45E-01
","-3.6461E+01
","-1.948E+00
","-3.6492E+01
","-9.68E-01
","-3.6506E+01
","-1.020E+00
","-3.6629E+01
","-1.011E+00
","-3.6629E+01
","-9.67E-01
","-3.6525E+01
","-1.002E+00
","-3.6509E+01
","-9.90E-01
","-3.6337E+01
","-9.55E-01
","-3.6155E+01
","-9.33E-01
","-3.5981E+01
","-9.65E-01
","-3.5926E+01
","-9.90E-01
","-3.5832E+01
","-2.003E+00
","-3.5868E+01
","-1.028E+00
","-3.5823E+01
","-1.029E+00
","-3.5693E+01
","-1.064E+00
","-3.5627E+01
","-1.069E+00
","-3.5479E+01
","-1.040E+00
","-3.5294E+01
","-1.055E+00
","-3.5190E+01
","-1.071E+00
","-3.5150E+01
","-1.049E+00
","-3.5110E+01
","-1.176E+00
","-3.5251E+01
","-1.191E+00
","-3.5202E+01
","-1.282E+00
","-3.5293E+01
","-1.425E+00
","-3.5429E+01
","-1.492E+00
","-3.6963E+01
","-1.593E+00
","-3.5650E+01
","-1.744E+00
","-3.5925E+01
","-1.869E+00
","-3.6222E+01
","-1.983E+00
","-3.6521E+01
","-2.033E+00
","-3.6647E+01
","-2.235E+00
","-3.7091E+01
","-2.358E+00
","-3.7399E+01
","-2.512E+00
","-3.7777E+01
","-2.756E+00
","-3.8338E+01
","-3.017E+00
","-3.9024E+01
","-3.194E+00
","-3.9569E+01
","-4.536E+00
","-4.0564E+01
","-3.782E+00
","-4.1423E+01
","-4.097E+00
","-4.2453E+01
","-4.523E+00
","-4.3695E+01
","-4.921E+00
","-4.4913E+01
","-5.586E+00
","-4.6681E+01
","-6.405E+00
","-4.8657E+01
","-7.310E+00
","-5.0406E+01
","-8.463E+00
","-5.2144E+01
","-9.489E+00
","-5.2505E+01
","-1.0994E+01
","-5.2884E+01
","-1.2562E+01
","-5.3015E+01
","-1.4369E+01
","-5.2786E+01
","-1.6823E+01
","-5.3032E+01
","-1.9719E+01
","-5.3401E+01
","-2.3353E+01
","-5.4064E+01
","-2.6745E+01
","-5.4421E+01
","-2.9883E+01
","-5.4726E+01
","-2.8636E+01
","-5.4941E+01
","-2.6428E+01
","-5.5138E+01
","-2.4841E+01
","-5.5069E+01
","-2.3248E+01
","-5.5139E+01
","-2.1794E+01
","-5.5153E+01
","-2.0825E+01
","-5.5121E+01
","-1.9993E+01
","-5.5321E+01
","-1.9443E+01
","-5.5559E+01
","-1.9160E+01
","-5.5630E+01
","-1.8813E+01
","-5.5661E+01
","-1.8535E+01
","-5.5626E+01
","-1.7534E+01
","-5.5210E+01
","-1.7064E+01
","-5.5127E+01
","-1.6562E+01
","-5.5025E+01
","-1.6325E+01
","-5.5307E+01
","-1.6233E+01
","-5.5644E+01
","-1.6092E+01
","-5.5938E+01
","-1.6087E+01
","-5.6279E+01
","-1.5895E+01
","-5.6471E+01
","-1.5898E+01
","-5.6694E+01
","-1.5656E+01
","-5.6856E+01
","-1.5643E+01
","-5.7143E+01
","-1.5783E+01
","-5.7232E+01
","-1.5473E+01
","-5.7190E+01
","-1.5452E+01
","-5.7802E+01
","-1.5667E+01
","-5.8157E+01
","-1.5433E+01
","-5.8192E+01
","-1.5325E+01
","-5.8707E+01
","-1.5556E+01
","-5.9431E+01
","-1.5689E+01
","-5.9201E+01
","-1.5299E+01
","-5.9388E+01
","-1.5680E+01
","-6.0201E+01
","-1.5828E+01
","-5.9850E+01
","-1.5637E+01
","-5.9734E+01
","-1.5606E+01
","-6.0619E+01
","-1.5903E+01
","-6.0819E+01
","-1.5836E+01
","-6.0188E+01
"
4.0,"-1.3720E+01
","-5.4990E+01
","-1.3779E+01
","-5.5472E+01
","-1.3877E+01
","-5.4468E+01
","-1.4015E+01
","-5.4466E+01
","-1.4097E+01
","-5.5658E+01
","-1.4069E+01
","-5.4168E+01
","-1.4037E+01
","-5.4037E+01
","-1.4046E+01
","-5.3987E+01
","-1.4089E+01
","-5.3853E+01
","-1.4148E+01
","-5.3770E+01
","-1.4354E+01
","-5.3697E+01
","-1.3727E+01
","-5.3414E+01
","-1.3353E+01
","-5.3026E+01
","-1.3350E+01
","-5.2828E+01
","-1.3403E+01
","-5.2739E+01
","-1.3474E+01
","-5.2702E+01
","-1.3544E+01
","-5.2523E+01
","-1.3604E+01
","-5.2503E+01
","-1.3667E+01
","-5.2438E+01
","-1.3708E+01
","-5.2347E+01
","-1.3778E+01
","-5.2135E+01
","-1.3884E+01
","-5.2013E+01
","-1.4024E+01
","-5.2122E+01
","-1.4211E+01
","-5.1991E+01
","-1.4455E+01
","-5.2052E+01
","-1.4704E+01
","-5.2159E+01
","-1.4613E+01
","-5.2148E+01
","-1.4308E+01
","-5.1941E+01
","-1.4185E+01
","-5.1783E+01
","-1.4266E+01
","-5.1679E+01
","-1.5398E+01
","-5.1651E+01
","-1.4329E+01
","-5.1760E+01
","-1.3876E+01
","-5.1256E+01
","-1.4060E+01
","-5.1132E+01
","-1.4487E+01
","-5.1254E+01
","-1.4985E+01
","-5.1378E+01
","-1.5706E+01
","-5.1730E+01
","-1.6165E+01
","-5.2253E+01
","-1.4738E+01
","-5.1920E+01
","-1.4301E+01
","-5.1140E+01
","-1.4695E+01
","-5.1136E+01
","-1.5269E+01
","-5.1280E+01
","-1.6028E+01
","-5.1529E+01
","-1.7328E+01
","-5.1882E+01
","-1.6166E+01
","-5.1640E+01
","-1.6886E+01
","-5.1804E+01
","-1.7726E+01
","-5.2056E+01
","-1.8740E+01
","-5.2271E+01
","-2.0075E+01
","-5.2581E+01
","-2.1868E+01
","-5.2885E+01
","-2.5479E+01
","-5.3289E+01
","-2.8934E+01
","-5.3610E+01
","-4.1037E+01
","-5.3842E+01
","-3.2092E+01
","-5.3844E+01
","-2.4265E+01
","-5.3820E+01
","-1.9770E+01
","-5.3257E+01
","-1.6430E+01
","-5.2644E+01
","-1.3836E+01
","-5.1738E+01
","-1.1484E+01
","-5.0255E+01
","-9.415E+00
","-4.8602E+01
","-7.633E+00
","-4.7045E+01
","-6.013E+00
","-4.5084E+01
","-4.576E+00
","-4.3069E+01
","-3.341E+00
","-4.1273E+01
","-2.364E+00
","-3.9701E+01
","-1.688E+00
","-3.8506E+01
","-1.128E+00
","-3.7412E+01
","-7.91E-01
","-3.4899E+01
","-5.82E-01
","-3.6278E+01
","-4.77E-01
","-3.6057E+01
","-4.84E-01
","-3.6004E+01
","-4.75E-01
","-3.5870E+01
","-5.05E-01
","-3.5842E+01
","-5.51E-01
","-3.5816E+01
","-6.13E-01
","-3.5804E+01
","-7.06E-01
","-3.5856E+01
","-7.58E-01
","-3.5888E+01
","-8.08E-01
","-3.5919E+01
","-8.55E-01
","-3.7781E+01
","-8.55E-01
","-3.5994E+01
","-8.70E-01
","-3.5977E+01
","-8.64E-01
","-3.5926E+01
","-8.42E-01
","-3.5834E+01
","-8.53E-01
","-3.5760E+01
","-8.12E-01
","-3.5651E+01
","-7.56E-01
","-3.5531E+01
","-7.24E-01
","-3.5502E+01
","-7.10E-01
","-3.5545E+01
","-6.59E-01
","-3.5450E+01
","-6.14E-01
","-3.5361E+01
","-5.75E-01
","-3.5285E+01
","-5.37E-01
","-3.5133E+01
","-4.88E-01
","-3.6891E+01
","-4.01E-01
","-3.4879E+01
","-3.64E-01
","-3.4969E+01
","-2.99E-01
","-3.4941E+01
","-2.37E-01
","-3.4854E+01
","-1.79E-01
","-3.4802E+01
","-1.76E-01
","-3.4783E+01
","-1.142E+00
","-3.5373E+01
","-1.16E-01
","-3.2765E+01
","-9.6E-02
","-3.6477E+01
","-6.2E-02
","-3.4619E+01
","-3.0968E+01
","-3.4771E+01
","-1.2E-02
","-3.4745E+01
","5.2E-02
","-3.4657E+01
","7.1E-02
","-3.4636E+01
","7.7E-02
","-3.3194E+01
","6.0E-02
","-3.4623E+01
","4.1E-02
","-3.4633E+01
","2.7E-02
","-3.4661E+01
","2.0E-02
","-3.4667E+01
","-3.5E-02
","-3.4793E+01
","-2.3E-02
","-3.4804E+01
","2.0E-02
","-3.4705E+01
","-1.3E-02
","-3.4697E+01
","2.6E-02
","-3.4518E+01
","3.5E-02
","-3.4346E+01
","5.7E-02
","-3.4165E+01
","2.8E-02
","-3.4119E+01
","0.000E+00
","-3.4031E+01
","-1.4E-02
","-3.4059E+01
","-3.2E-02
","-3.3993E+01
","-3.3E-02
","-3.3854E+01
","-6.6E-02
","-3.3794E+01
","-7.2E-02
","-3.3641E+01
","-3.7E-02
","-3.3433E+01
","-5.4E-02
","-3.3343E+01
","-6.9E-02
","-3.3297E+01
","-4.0E-02
","-3.3237E+01
","-1.68E-01
","-3.3367E+01
","-3.11E-01
","-3.3329E+01
","-2.75E-01
","-3.3398E+01
","-4.17E-01
","-3.3551E+01
","-4.81E-01
","-3.3590E+01
","-5.84E-01
","-3.3738E+01
","-7.33E-01
","-3.3991E+01
","-8.56E-01
","-3.4279E+01
","-9.71E-01
","-3.4593E+01
","-1.021E+00
","-3.4704E+01
","-1.223E+00
","-3.5150E+01
","-1.344E+00
","-3.5449E+01
","-1.502E+00
","-3.5829E+01
","-1.745E+00
","-3.6393E+01
","-2.007E+00
","-3.7071E+01
","-2.182E+00
","-3.7630E+01
","-2.519E+00
","-3.8605E+01
","-2.774E+00
","-3.9465E+01
","-3.088E+00
","-4.0497E+01
","-3.516E+00
","-4.1762E+01
","-3.915E+00
","-4.2980E+01
","-4.579E+00
","-4.4779E+01
","-5.402E+00
","-4.6776E+01
","-6.306E+00
","-4.8545E+01
","-7.461E+00
","-5.0312E+01
","-8.483E+00
","-5.0734E+01
","-9.996E+00
","-5.1011E+01
","-1.1563E+01
","-5.1101E+01
","-1.3372E+01
","-5.0867E+01
","-1.5826E+01
","-5.1106E+01
","-1.8723E+01
","-5.1367E+01
","-2.2355E+01
","-5.1957E+01
","-2.5752E+01
","-5.2270E+01
","-2.8885E+01
","-5.2741E+01
","-2.7633E+01
","-5.2860E+01
","-2.5421E+01
","-5.3020E+01
","-2.3841E+01
","-5.3061E+01
","-2.2243E+01
","-5.3101E+01
","-2.0789E+01
","-5.3118E+01
","-1.9821E+01
","-5.3099E+01
","-1.8988E+01
","-5.3241E+01
","-1.8445E+01
","-5.3418E+01
","-1.8159E+01
","-5.3562E+01
","-1.7812E+01
","-5.3619E+01
","-1.7532E+01
","-5.3511E+01
","-1.6533E+01
","-5.3024E+01
","-1.6065E+01
","-5.3057E+01
","-1.5564E+01
","-5.2992E+01
","-1.5325E+01
","-5.3112E+01
","-1.5234E+01
","-5.3517E+01
","-1.5095E+01
","-5.3852E+01
","-1.5089E+01
","-5.4183E+01
","-1.4896E+01
","-5.4317E+01
","-1.4902E+01
","-5.4539E+01
","-1.4657E+01
","-5.4699E+01
","-1.4646E+01
","-5.5025E+01
","-1.4726E+01
","-5.5042E+01
","-1.4477E+01
","-5.5116E+01
","-1.4453E+01
","-5.5545E+01
","-1.4667E+01
","-5.5955E+01
","-1.4436E+01
","-5.6031E+01
","-1.4330E+01
","-5.6641E+01
","-1.4559E+01
","-5.7195E+01
","-1.4693E+01
","-5.6972E+01
","-1.4299E+01
","-5.7111E+01
","-1.4683E+01
","-5.7829E+01
","-1.4831E+01
","-5.7568E+01
","-1.4641E+01
","-5.7499E+01
","-1.4613E+01
","-5.8413E+01
","-1.4907E+01
","-5.8487E+01
","-1.4838E+01
","-5.7871E+01
"
5.0,"-1.2730E+01
","-5.3061E+01
","-1.2787E+01
","-5.2898E+01
","-1.2885E+01
","-5.2739E+01
","-1.3028E+01
","-5.2662E+01
","-1.3106E+01
","-5.2581E+01
","-1.3072E+01
","-5.2364E+01
","-1.3049E+01
","-5.2234E+01
","-1.3055E+01
","-5.2087E+01
","-1.3096E+01
","-5.2030E+01
","-1.3158E+01
","-5.1992E+01
","-1.3095E+01
","-5.1875E+01
","-1.2739E+01
","-5.1671E+01
","-1.2376E+01
","-5.1282E+01
","-1.2359E+01
","-5.1024E+01
","-1.2419E+01
","-5.1000E+01
","-1.2483E+01
","-5.0781E+01
","-1.2737E+01
","-5.0690E+01
","-1.2621E+01
","-5.2481E+01
","-1.2677E+01
","-5.0550E+01
","-1.2716E+01
","-5.0373E+01
","-1.3128E+01
","-5.0319E+01
","-1.3725E+01
","-5.0204E+01
","-1.3035E+01
","-5.0096E+01
","-1.4210E+01
","-5.0103E+01
","-1.3468E+01
","-5.0189E+01
","-1.3714E+01
","-5.0295E+01
","-1.3623E+01
","-5.0269E+01
","-1.3313E+01
","-5.0086E+01
","-1.3196E+01
","-4.9891E+01
","-1.3276E+01
","-4.9777E+01
","-1.3414E+01
","-4.9731E+01
","-1.3338E+01
","-4.9811E+01
","-1.2885E+01
","-4.9293E+01
","-1.3073E+01
","-4.9257E+01
","-1.3499E+01
","-4.9340E+01
","-1.3993E+01
","-4.9456E+01
","-1.4718E+01
","-4.9796E+01
","-1.5176E+01
","-5.0332E+01
","-1.3749E+01
","-5.0044E+01
","-1.2958E+01
","-4.9267E+01
","-1.3710E+01
","-4.9260E+01
","-1.4282E+01
","-4.9365E+01
","-1.5038E+01
","-4.9609E+01
","-1.5343E+01
","-4.9915E+01
","-1.5176E+01
","-4.9727E+01
","-1.5892E+01
","-4.9890E+01
","-1.6732E+01
","-5.0085E+01
","-1.7742E+01
","-5.0347E+01
","-1.9076E+01
","-5.0641E+01
","-2.0863E+01
","-5.0955E+01
","-2.3475E+01
","-5.1367E+01
","-2.7925E+01
","-5.1663E+01
","-3.9925E+01
","-5.1864E+01
","-3.1094E+01
","-5.1995E+01
","-2.3275E+01
","-5.1826E+01
","-1.8773E+01
","-5.1365E+01
","-1.5442E+01
","-5.0682E+01
","-1.2847E+01
","-4.9687E+01
","-1.0497E+01
","-4.8232E+01
","-8.427E+00
","-4.6609E+01
","-6.649E+00
","-4.5061E+01
","-5.029E+00
","-4.3123E+01
","-3.588E+00
","-4.1144E+01
","-2.351E+00
","-3.9352E+01
","-1.370E+00
","-3.7803E+01
","-6.86E-01
","-3.6639E+01
","-1.22E-01
","-3.5561E+01
","2.14E-01
","-3.4902E+01
","4.24E-01
","-3.4449E+01
","5.24E-01
","-3.4236E+01
","5.12E-01
","-3.4210E+01
","5.18E-01
","-3.4065E+01
","4.84E-01
","-3.4037E+01
","4.34E-01
","-3.4014E+01
","3.72E-01
","-3.4001E+01
","2.73E-01
","-3.4065E+01
","2.19E-01
","-3.4090E+01
","1.70E-01
","-3.4126E+01
","1.21E-01
","-3.4152E+01
","1.20E-01
","-3.4189E+01
","1.03E-01
","-3.4178E+01
","1.10E-01
","-3.4130E+01
","1.28E-01
","-3.4022E+01
","1.21E-01
","-3.3949E+01
","1.60E-01
","-3.3844E+01
","2.13E-01
","-3.3720E+01
","2.46E-01
","-3.3693E+01
","2.65E-01
","-3.3737E+01
","3.12E-01
","-3.3627E+01
","3.60E-01
","-3.3552E+01
","4.00E-01
","-3.3441E+01
","4.38E-01
","-3.3326E+01
","4.89E-01
","-3.3215E+01
","5.74E-01
","-3.3058E+01
","6.14E-01
","-3.3125E+01
","6.78E-01
","-3.3110E+01
","7.40E-01
","-3.3018E+01
","7.95E-01
","-3.2978E+01
","8.04E-01
","-3.2931E+01
","8.21E-01
","-3.2864E+01
","8.66E-01
","-3.2772E+01
","8.84E-01
","-3.2782E+01
","9.22E-01
","-3.4619E+01
","-3.0968E+01
","-3.2940E+01
","9.67E-01
","-3.2925E+01
","1.034E+00
","-3.2809E+01
","1.056E+00
","-3.0990E+01
","1.061E+00
","-3.2816E+01
","1.042E+00
","-3.2795E+01
","1.027E+00
","-3.2810E+01
","1.013E+00
","-3.2815E+01
","1.005E+00
","-3.2859E+01
","9.50E-01
","-3.2996E+01
","9.65E-01
","-3.4485E+01
","1.008E+00
","-3.2899E+01
","9.77E-01
","-3.2899E+01
","1.010E+00
","-3.2731E+01
","1.021E+00
","-3.2541E+01
","1.047E+00
","-3.2371E+01
","1.017E+00
","-3.2311E+01
","9.92E-01
","-3.2240E+01
","9.78E-01
","-3.2244E+01
","9.57E-01
","-3.2205E+01
","9.62E-01
","-3.2070E+01
","9.29E-01
","-3.1992E+01
","9.27E-01
","-3.1823E+01
","9.62E-01
","-3.1619E+01
","9.48E-01
","-3.1496E+01
","9.33E-01
","-2.9638E+01
","9.64E-01
","-3.1390E+01
","8.37E-01
","-3.1520E+01
","8.25E-01
","-3.1471E+01
","7.34E-01
","-3.1533E+01
","5.92E-01
","-3.1664E+01
","5.31E-01
","-3.1699E+01
","4.31E-01
","-3.1833E+01
","2.82E-01
","-3.2080E+01
","1.58E-01
","-3.2373E+01
","4.3E-02
","-3.2680E+01
","-1E-02
","-3.2792E+01
","-2.08E-01
","-3.3215E+01
","-3.32E-01
","-3.3519E+01
","-4.85E-01
","-3.3893E+01
","-7.31E-01
","-3.4451E+01
","-9.95E-01
","-3.5121E+01
","-1.173E+00
","-3.5681E+01
","-1.505E+00
","-3.6651E+01
","-1.764E+00
","-3.7505E+01
","-2.082E+00
","-3.6627E+01
","-2.507E+00
","-3.9817E+01
","-2.908E+00
","-4.1085E+01
","-3.574E+00
","-4.2899E+01
","-4.396E+00
","-4.4900E+01
","-5.304E+00
","-4.6735E+01
","-6.458E+00
","-4.8554E+01
","-7.484E+00
","-4.8836E+01
","-8.998E+00
","-4.9043E+01
","-1.0565E+01
","-4.9178E+01
","-1.2375E+01
","-4.8923E+01
","-1.4828E+01
","-4.9056E+01
","-1.7728E+01
","-4.9401E+01
","-2.1360E+01
","-4.9912E+01
","-2.4760E+01
","-5.0236E+01
","-2.7890E+01
","-5.0690E+01
","-2.6631E+01
","-5.0860E+01
","-2.4417E+01
","-5.1028E+01
","-2.2833E+01
","-5.0990E+01
","-2.1241E+01
","-5.1033E+01
","-1.9786E+01
","-5.1028E+01
","-1.8817E+01
","-5.1079E+01
","-1.7988E+01
","-5.1167E+01
","-1.7444E+01
","-5.2358E+01
","-1.7157E+01
","-5.1492E+01
","-1.6812E+01
","-5.1578E+01
","-1.6534E+01
","-5.1392E+01
","-1.5533E+01
","-5.1014E+01
","-1.5050E+01
","-5.0989E+01
","-1.4567E+01
","-5.0906E+01
","-1.4326E+01
","-5.1087E+01
","-1.4236E+01
","-5.1452E+01
","-1.4096E+01
","-5.1682E+01
","-1.4093E+01
","-5.2071E+01
","-1.3899E+01
","-5.2245E+01
","-1.3905E+01
","-5.2464E+01
","-1.3663E+01
","-5.2577E+01
","-1.3649E+01
","-5.2838E+01
","-1.3729E+01
","-5.2924E+01
","-1.3480E+01
","-5.2946E+01
","-1.3460E+01
","-5.3477E+01
","-1.3672E+01
","-5.3850E+01
","-1.3440E+01
","-5.3830E+01
","-1.3329E+01
","-5.4531E+01
","-1.3563E+01
","-5.5104E+01
","-1.3694E+01
","-5.4807E+01
","-1.3307E+01
","-5.4908E+01
","-1.3687E+01
","-5.5651E+01
","-1.3835E+01
","-5.5434E+01
","-1.3643E+01
","-5.5229E+01
","-1.3618E+01
","-5.6172E+01
","-1.3909E+01
","-5.6374E+01
","-1.3255E+01
","-5.5802E+01
"
6.0,"-1.1744E+01
","-5.3040E+01
","-1.1802E+01
","-5.1040E+01
","-1.1898E+01
","-5.0936E+01
","-1.2035E+01
","-5.0804E+01
","-1.2117E+01
","-5.0724E+01
","-1.2087E+01
","-5.0572E+01
","-1.2059E+01
","-5.0350E+01
","-1.2067E+01
","-5.0263E+01
","-1.3097E+01
","-5.0147E+01
","-1.3160E+01
","-5.0113E+01
","-1.2107E+01
","-5.0050E+01
","-1.1750E+01
","-4.9817E+01
","-1.1388E+01
","-4.9382E+01
","-1.1372E+01
","-4.9193E+01
","-1.1431E+01
","-4.9046E+01
","-1.1499E+01
","-4.8977E+01
","-1.1569E+01
","-5.0659E+01
","-1.1632E+01
","-4.8773E+01
","-1.1694E+01
","-4.8731E+01
","-1.1731E+01
","-4.8552E+01
","-1.1802E+01
","-4.8467E+01
","-1.1907E+01
","-5.0217E+01
","-1.2046E+01
","-4.8257E+01
","-1.2233E+01
","-4.8250E+01
","-1.2481E+01
","-4.8310E+01
","-1.2727E+01
","-4.8411E+01
","-1.2633E+01
","-4.8391E+01
","-1.2330E+01
","-4.8194E+01
","-1.2213E+01
","-4.8009E+01
","-1.2289E+01
","-4.7913E+01
","-1.2429E+01
","-4.7837E+01
","-1.2349E+01
","-4.7901E+01
","-1.1903E+01
","-4.7399E+01
","-1.2137E+01
","-4.7360E+01
","-1.2513E+01
","-4.7449E+01
","-1.3007E+01
","-4.7565E+01
","-1.4721E+01
","-4.7860E+01
","-1.4182E+01
","-4.8394E+01
","-1.2763E+01
","-4.8156E+01
","-1.2330E+01
","-4.7331E+01
","-1.2719E+01
","-4.7288E+01
","-1.3292E+01
","-4.7453E+01
","-1.4048E+01
","-4.7648E+01
","-1.4850E+01
","-4.8001E+01
","-1.4188E+01
","-4.7789E+01
","-1.4899E+01
","-4.7964E+01
","-1.5739E+01
","-4.8129E+01
","-1.6746E+01
","-4.8387E+01
","-1.8078E+01
","-4.8646E+01
","-1.9867E+01
","-4.9003E+01
","-2.2467E+01
","-4.9380E+01
","-2.6914E+01
","-4.9682E+01
","-3.8801E+01
","-4.9949E+01
","-3.0090E+01
","-5.0003E+01
","-2.2286E+01
","-4.9848E+01
","-1.7783E+01
","-4.9364E+01
","-1.4449E+01
","-4.8689E+01
","-1.1860E+01
","-4.7762E+01
","-9.511E+00
","-4.6277E+01
","-7.451E+00
","-4.4660E+01
","-5.669E+00
","-4.3113E+01
","-4.050E+00
","-4.1175E+01
","-2.610E+00
","-3.9219E+01
","-1.361E+00
","-3.7464E+01
","-3.76E-01
","-3.5940E+01
","3.10E-01
","-3.4789E+01
","8.82E-01
","-3.3733E+01
","1.216E+00
","-3.3086E+01
","1.428E+00
","-3.2652E+01
","1.524E+00
","-3.2441E+01
","1.506E+00
","-3.2416E+01
","1.506E+00
","-3.2298E+01
","1.468E+00
","-3.2279E+01
","1.416E+00
","-3.2254E+01
","1.345E+00
","-3.2246E+01
","1.249E+00
","-3.2285E+01
","1.192E+00
","-3.2333E+01
","1.141E+00
","-3.2366E+01
","1.092E+00
","-3.2377E+01
","1.088E+00
","-3.4201E+01
","1.070E+00
","-3.2406E+01
","1.076E+00
","-3.2353E+01
","1.097E+00
","-3.2245E+01
","1.089E+00
","-3.2132E+01
","1.130E+00
","-3.2070E+01
","1.182E+00
","-3.1936E+01
","1.215E+00
","-3.1900E+01
","1.234E+00
","-3.1940E+01
","1.281E+00
","-3.1823E+01
","1.328E+00
","-3.1752E+01
","1.367E+00
","-3.1649E+01
","1.405E+00
","-3.1521E+01
","1.308E+00
","-3.1394E+01
","1.547E+00
","-3.1235E+01
","1.586E+00
","-3.1330E+01
","1.651E+00
","-3.3119E+01
","1.715E+00
","-3.1207E+01
","1.769E+00
","-3.1156E+01
","1.779E+00
","-3.1128E+01
","1.797E+00
","-3.1051E+01
","1.843E+00
","-3.0952E+01
","1.860E+00
","-3.0969E+01
","1.899E+00
","-3.0969E+01
","-3.0968E+01
","-3.1133E+01
","1.948E+00
","-3.1104E+01
","2.017E+00
","-3.1007E+01
","2.034E+00
","-3.1014E+01
","2.040E+00
","-3.1011E+01
","2.025E+00
","-3.1002E+01
","2.006E+00
","-3.1016E+01
","1.991E+00
","-3.1042E+01
","1.987E+00
","-3.1080E+01
","1.932E+00
","-3.1198E+01
","1.947E+00
","-3.1204E+01
","1.992E+00
","-3.1122E+01
","1.957E+00
","-3.1125E+01
","1.997E+00
","-3.0956E+01
","2.007E+00
","-3.0785E+01
","2.032E+00
","-3.0599E+01
","2.007E+00
","-3.0558E+01
","1.978E+00
","-3.0483E+01
","1.967E+00
","-3.0488E+01
","1.950E+00
","-3.0419E+01
","1.954E+00
","-3.0294E+01
","1.924E+00
","-3.0212E+01
","1.924E+00
","-3.0026E+01
","1.962E+00
","-2.9827E+01
","1.944E+00
","-2.9702E+01
","1.936E+00
","-2.9650E+01
","1.967E+00
","-2.9578E+01
","1.843E+00
","-2.9685E+01
","1.829E+00
","-2.9629E+01
","1.744E+00
","-2.9678E+01
","1.605E+00
","-2.9804E+01
","1.547E+00
","-2.9830E+01
","1.442E+00
","-2.9959E+01
","1.297E+00
","-3.0193E+01
","1.173E+00
","-3.0483E+01
","1.056E+00
","-3.0781E+01
","1.007E+00
","-3.0881E+01
","8.08E-01
","-3.1297E+01
","6.86E-01
","-3.1602E+01
","5.28E-01
","-3.1969E+01
","2.83E-01
","-3.2524E+01
","1.7E-02
","-3.3194E+01
","-1.57E-01
","-3.3743E+01
","-4.95E-01
","-3.4723E+01
","-7.52E-01
","-3.5593E+01
","-1.071E+00
","-3.6636E+01
","-1.496E+00
","-3.7903E+01
","-1.898E+00
","-3.9178E+01
","-2.566E+00
","-4.0998E+01
","-3.393E+00
","-4.3072E+01
","-4.301E+00
","-4.4965E+01
","-5.457E+00
","-4.6802E+01
","-6.486E+00
","-4.7106E+01
","-8.003E+00
","-4.7249E+01
","-9.570E+00
","-4.7304E+01
","-1.1382E+01
","-4.6990E+01
","-1.3838E+01
","-4.7101E+01
","-1.6737E+01
","-4.7393E+01
","-2.0373E+01
","-4.7869E+01
","-2.3768E+01
","-4.8242E+01
","-2.6896E+01
","-4.8632E+01
","-2.5627E+01
","-4.8804E+01
","-2.3410E+01
","-4.8903E+01
","-2.1831E+01
","-4.8952E+01
","-2.0238E+01
","-4.8922E+01
","-1.8784E+01
","-4.8943E+01
","-1.7821E+01
","-4.9030E+01
","-1.6985E+01
","-4.9083E+01
","-1.6444E+01
","-4.9294E+01
","-1.6159E+01
","-4.9421E+01
","-1.5814E+01
","-4.9515E+01
","-1.5533E+01
","-4.9339E+01
","-1.4536E+01
","-4.8961E+01
","-1.4068E+01
","-4.8892E+01
","-1.3568E+01
","-4.8811E+01
","-1.3329E+01
","-4.8991E+01
","-1.3240E+01
","-4.9316E+01
","-1.3102E+01
","-4.9632E+01
","-1.3098E+01
","-4.9981E+01
","-1.2906E+01
","-5.0120E+01
","-1.2911E+01
","-5.0339E+01
","-1.2666E+01
","-5.0434E+01
","-1.2655E+01
","-5.0704E+01
","-1.1740E+01
","-5.0842E+01
","-1.2488E+01
","-5.0851E+01
","-1.2464E+01
","-5.1382E+01
","-1.2674E+01
","-5.1653E+01
","-1.2445E+01
","-5.1742E+01
","-1.1341E+01
","-5.2230E+01
","-1.2569E+01
","-5.2870E+01
","-1.2701E+01
","-5.2609E+01
","-1.2310E+01
","-5.2790E+01
","-1.2693E+01
","-5.3513E+01
","-1.2841E+01
","-5.3348E+01
","-1.2647E+01
","-5.3136E+01
","-1.2621E+01
","-5.3992E+01
","-1.2917E+01
","-5.4111E+01
","-1.2844E+01
","-5.3560E+01
"
7.0,"-1.0754E+01
","-4.9415E+01
","-1.0814E+01
","-4.9185E+01
","-1.0911E+01
","-4.9067E+01
","-1.1048E+01
","-4.8974E+01
","-1.1128E+01
","-4.8931E+01
","-1.1098E+01
","-4.8749E+01
","-1.1070E+01
","-4.8527E+01
","-1.1078E+01
","-4.8409E+01
","-1.1121E+01
","-4.8334E+01
","-1.1183E+01
","-4.8212E+01
","-1.1119E+01
","-4.8162E+01
","-1.0769E+01
","-4.7947E+01
","-1.0400E+01
","-4.7517E+01
","-1.0388E+01
","-4.7297E+01
","-1.0446E+01
","-4.7191E+01
","-1.0513E+01
","-4.7077E+01
","-1.0584E+01
","-4.7009E+01
","-1.1632E+01
","-4.6905E+01
","-1.0707E+01
","-4.6823E+01
","-1.0748E+01
","-4.6693E+01
","-1.0816E+01
","-4.6573E+01
","-1.0920E+01
","-4.6482E+01
","-1.1062E+01
","-4.6394E+01
","-1.1245E+01
","-4.6378E+01
","-1.1493E+01
","-4.8279E+01
","-1.0756E+01
","-4.6533E+01
","-1.1649E+01
","-4.6554E+01
","-1.1345E+01
","-4.6338E+01
","-1.1227E+01
","-4.6118E+01
","-1.1304E+01
","-4.6009E+01
","-1.1440E+01
","-4.5942E+01
","-1.1364E+01
","-4.6033E+01
","-1.0920E+01
","-4.5566E+01
","-1.1100E+01
","-4.5445E+01
","-1.1529E+01
","-4.5516E+01
","-1.2022E+01
","-4.5657E+01
","-1.2746E+01
","-4.5926E+01
","-1.3198E+01
","-4.6497E+01
","-1.1775E+01
","-4.6205E+01
","-1.1350E+01
","-4.5433E+01
","-1.1737E+01
","-4.5361E+01
","-1.2309E+01
","-4.5523E+01
","-1.3061E+01
","-4.5712E+01
","-1.3361E+01
","-4.6041E+01
","-1.3201E+01
","-4.5879E+01
","-1.3907E+01
","-4.6012E+01
","-1.4745E+01
","-4.6208E+01
","-1.5754E+01
","-4.6426E+01
","-1.8081E+01
","-4.6714E+01
","-1.8863E+01
","-4.7031E+01
","-2.1461E+01
","-4.7476E+01
","-2.5897E+01
","-4.7723E+01
","-3.7621E+01
","-4.7987E+01
","-2.9091E+01
","-4.8040E+01
","-2.1291E+01
","-4.7864E+01
","-1.6792E+01
","-4.7389E+01
","-1.3464E+01
","-4.6706E+01
","-1.0876E+01
","-4.5744E+01
","-8.530E+00
","-4.4282E+01
","-6.469E+00
","-4.2681E+01
","-4.696E+00
","-4.1135E+01
","-3.074E+00
","-3.9257E+01
","-1.629E+00
","-3.7313E+01
","-3.77E-01
","-3.5585E+01
","6.14E-01
","-3.4092E+01
","1.310E+00
","-3.2955E+01
","1.882E+00
","-3.2738E+01
","2.220E+00
","-3.1303E+01
","2.427E+00
","-3.0888E+01
","2.520E+00
","-3.0680E+01
","2.502E+00
","-3.0673E+01
","2.491E+00
","-3.0550E+01
","2.451E+00
","-3.0537E+01
","2.392E+00
","-3.0524E+01
","2.319E+00
","-3.0523E+01
","2.222E+00
","-3.0564E+01
","2.160E+00
","-3.0592E+01
","2.105E+00
","-3.0620E+01
","2.056E+00
","-3.0636E+01
","2.052E+00
","-3.0680E+01
","2.032E+00
","-3.0658E+01
","2.038E+00
","-3.0607E+01
","2.059E+00
","-3.0498E+01
","2.050E+00
","-3.0415E+01
","2.090E+00
","-3.0308E+01
","2.143E+00
","-3.0172E+01
","2.176E+00
","-3.0139E+01
","2.198E+00
","-3.0171E+01
","2.245E+00
","-3.0052E+01
","2.296E+00
","-2.9981E+01
","2.332E+00
","-2.9867E+01
","2.370E+00
","-2.9746E+01
","2.423E+00
","-2.9622E+01
","2.513E+00
","-2.9477E+01
","2.553E+00
","-2.9545E+01
","2.617E+00
","-2.9514E+01
","3.647E+00
","-2.9419E+01
","2.740E+00
","-2.9364E+01
","2.751E+00
","-2.9329E+01
","2.769E+00
","-2.9258E+01
","2.816E+00
","-2.9168E+01
","2.834E+00
","-2.9186E+01
","2.872E+00
","-3.0968E+01
","-3.0968E+01
","-2.9342E+01
","2.923E+00
","-2.9326E+01
","2.990E+00
","-2.9217E+01
","3.010E+00
","-2.9227E+01
","3.017E+00
","-2.9234E+01
","3.002E+00
","-2.9221E+01
","2.986E+00
","-2.9242E+01
","2.970E+00
","-2.9277E+01
","2.966E+00
","-2.9313E+01
","2.911E+00
","-2.9448E+01
","2.927E+00
","-2.9439E+01
","2.970E+00
","-2.9379E+01
","2.936E+00
","-2.9365E+01
","2.978E+00
","-2.9220E+01
","2.987E+00
","-2.9058E+01
","3.015E+00
","-2.8869E+01
","2.989E+00
","-2.8817E+01
","2.926E+00
","-2.8742E+01
","2.954E+00
","-2.8748E+01
","2.936E+00
","-2.8675E+01
","2.942E+00
","-2.8541E+01
","2.912E+00
","-2.8462E+01
","2.918E+00
","-2.8267E+01
","2.956E+00
","-2.8053E+01
","2.944E+00
","-2.7928E+01
","2.936E+00
","-2.7859E+01
","2.970E+00
","-2.7772E+01
","2.844E+00
","-2.7881E+01
","2.839E+00
","-2.7798E+01
","2.751E+00
","-2.7850E+01
","2.613E+00
","-2.7971E+01
","2.557E+00
","-2.7979E+01
","2.456E+00
","-2.9959E+01
","2.309E+00
","-2.8330E+01
","2.186E+00
","-2.8603E+01
","2.073E+00
","-2.8896E+01
","2.020E+00
","-2.8995E+01
","1.822E+00
","-2.9408E+01
","1.699E+00
","-2.9700E+01
","1.544E+00
","-3.0050E+01
","1.298E+00
","-3.0605E+01
","1.033E+00
","-3.1270E+01
","8.55E-01
","-3.1828E+01
","5.21E-01
","-3.2791E+01
","2.60E-01
","-3.3665E+01
","-6.1E-02
","-3.4722E+01
","-4.86E-01
","-3.5958E+01
","-8.93E-01
","-3.7294E+01
","-1.565E+00
","-3.9145E+01
","-3.393E+00
","-4.1262E+01
","-3.298E+00
","-4.3168E+01
","-4.461E+00
","-4.4986E+01
","-5.490E+00
","-4.5292E+01
","-7.010E+00
","-4.5373E+01
","-8.576E+00
","-4.5379E+01
","-1.0388E+01
","-4.3070E+01
","-1.2846E+01
","-4.5104E+01
","-1.5743E+01
","-4.5397E+01
","-1.9387E+01
","-4.5887E+01
","-2.2781E+01
","-4.6246E+01
","-2.5898E+01
","-4.6603E+01
","-2.4622E+01
","-4.6781E+01
","-2.2404E+01
","-4.6841E+01
","-2.0831E+01
","-4.6880E+01
","-1.9235E+01
","-4.6884E+01
","-1.7784E+01
","-4.6917E+01
","-1.6819E+01
","-4.6947E+01
","-1.5986E+01
","-4.7040E+01
","-1.4449E+01
","-4.7245E+01
","-1.5161E+01
","-4.7352E+01
","-1.4818E+01
","-4.7416E+01
","-1.4537E+01
","-4.7289E+01
","-1.3537E+01
","-4.6901E+01
","-1.3074E+01
","-4.6843E+01
","-1.2575E+01
","-4.6749E+01
","-1.2332E+01
","-4.6887E+01
","-1.2244E+01
","-4.7260E+01
","-1.2105E+01
","-4.7533E+01
","-1.2102E+01
","-4.7817E+01
","-1.1912E+01
","-4.8028E+01
","-1.1913E+01
","-4.8238E+01
","-1.1671E+01
","-4.8344E+01
","-1.1659E+01
","-4.8597E+01
","-1.1740E+01
","-4.8700E+01
","-1.1489E+01
","-4.8712E+01
","-1.1471E+01
","-4.9259E+01
","-1.1680E+01
","-4.9547E+01
","-1.1452E+01
","-4.9615E+01
","-1.1344E+01
","-5.0062E+01
","-1.1577E+01
","-5.0746E+01
","-1.1705E+01
","-5.0508E+01
","-1.1316E+01
","-5.0617E+01
","-1.1699E+01
","-5.1374E+01
","-1.1844E+01
","-5.1083E+01
","-1.1651E+01
","-5.0947E+01
","-1.1629E+01
","-5.1823E+01
","-1.1923E+01
","-5.1996E+01
","-1.1849E+01
","-5.1380E+01
"
8.0,"-9.768E+00
","-4.9433E+01
","-9.830E+00
","-4.7305E+01
","-9.925E+00
","-4.7209E+01
","-1.0063E+01
","-4.7110E+01
","-1.0142E+01
","-4.7081E+01
","-1.1099E+01
","-4.6839E+01
","-1.0082E+01
","-4.6663E+01
","-1.0092E+01
","-4.6567E+01
","-1.0136E+01
","-4.6459E+01
","-1.0196E+01
","-4.6405E+01
","-9.553E+00
","-4.6337E+01
","-9.784E+00
","-4.6066E+01
","-9.421E+00
","-4.5919E+01
","-9.407E+00
","-4.7309E+01
","-9.464E+00
","-4.5779E+01
","-9.529E+00
","-4.5179E+01
","-9.595E+00
","-4.5098E+01
","-9.664E+00
","-4.5298E+01
","-9.724E+00
","-4.4940E+01
","-9.759E+00
","-4.4827E+01
","-9.828E+00
","-4.4684E+01
","-1.0921E+01
","-4.4584E+01
","-1.0075E+01
","-4.4475E+01
","-1.0263E+01
","-4.4472E+01
","-1.0511E+01
","-4.4523E+01
","-1.0755E+01
","-4.4631E+01
","-1.0667E+01
","-4.4609E+01
","-1.1344E+01
","-4.4432E+01
","-1.0244E+01
","-4.4241E+01
","-1.0322E+01
","-4.4103E+01
","-1.0466E+01
","-4.4074E+01
","-1.0385E+01
","-4.4160E+01
","-9.939E+00
","-4.3600E+01
","-1.0122E+01
","-4.3537E+01
","-1.0547E+01
","-4.3615E+01
","-1.1034E+01
","-4.3738E+01
","-1.1761E+01
","-4.4046E+01
","-1.2215E+01
","-4.4582E+01
","-1.0794E+01
","-4.4318E+01
","-1.0370E+01
","-4.3501E+01
","-1.0756E+01
","-4.3492E+01
","-1.1324E+01
","-4.3587E+01
","-1.2077E+01
","-4.3792E+01
","-1.2377E+01
","-4.4132E+01
","-1.2216E+01
","-4.3927E+01
","-1.2924E+01
","-4.4038E+01
","-1.3756E+01
","-4.4287E+01
","-1.4761E+01
","-4.4474E+01
","-1.6088E+01
","-4.4764E+01
","-1.7860E+01
","-4.5042E+01
","-2.0449E+01
","-4.5499E+01
","-2.4871E+01
","-4.5769E+01
","-3.6398E+01
","-4.6014E+01
","-2.8087E+01
","-4.6069E+01
","-2.0299E+01
","-4.5904E+01
","-1.5801E+01
","-4.5410E+01
","-1.2479E+01
","-4.4726E+01
","-9.895E+00
","-4.3747E+01
","-7.555E+00
","-4.2316E+01
","-5.499E+00
","-4.0717E+01
","-3.724E+00
","-3.9218E+01
","-2.103E+00
","-3.7334E+01
","-6.53E-01
","-3.5423E+01
","6.02E-01
","-3.3738E+01
","1.600E+00
","-3.2265E+01
","2.301E+00
","-3.1162E+01
","2.880E+00
","-3.0150E+01
","3.221E+00
","-2.9542E+01
","3.423E+00
","-2.9133E+01
","3.515E+00
","-2.8957E+01
","3.488E+00
","-2.8951E+01
","3.478E+00
","-2.8844E+01
","3.429E+00
","-2.8828E+01
","3.368E+00
","-2.8822E+01
","3.290E+00
","-2.8813E+01
","3.188E+00
","-2.8859E+01
","3.125E+00
","-2.8887E+01
","3.069E+00
","-2.8917E+01
","3.013E+00
","-2.8930E+01
","3.011E+00
","-2.8963E+01
","2.993E+00
","-2.8942E+01
","2.994E+00
","-2.8881E+01
","3.014E+00
","-2.8770E+01
","3.008E+00
","-2.8695E+01
","2.090E+00
","-2.8560E+01
","3.100E+00
","-2.8432E+01
","3.133E+00
","-2.8397E+01
","3.156E+00
","-2.8428E+01
","3.204E+00
","-2.8311E+01
","3.255E+00
","-2.8226E+01
","3.293E+00
","-2.8113E+01
","2.370E+00
","-2.7990E+01
","3.385E+00
","-2.7865E+01
","3.473E+00
","-2.7713E+01
","3.514E+00
","-2.7784E+01
","3.582E+00
","-2.7749E+01
","3.648E+00
","-2.7655E+01
","3.705E+00
","-2.7598E+01
","3.716E+00
","-2.7573E+01
","3.735E+00
","-2.7495E+01
","3.780E+00
","-2.7392E+01
","3.803E+00
","-2.7417E+01
","3.839E+00
","-3.0968E+01
","-3.0968E+01
","-2.7578E+01
","3.895E+00
","-2.7561E+01
","3.962E+00
","-2.7456E+01
","3.982E+00
","-2.7464E+01
","3.991E+00
","-2.7473E+01
","3.975E+00
","-2.7480E+01
","3.959E+00
","-2.7502E+01
","3.942E+00
","-2.7539E+01
","3.939E+00
","-2.7573E+01
","3.887E+00
","-2.7713E+01
","3.901E+00
","-2.7716E+01
","3.946E+00
","-2.7644E+01
","3.913E+00
","-2.7664E+01
","3.957E+00
","-2.7494E+01
","3.967E+00
","-2.7342E+01
","3.993E+00
","-2.7158E+01
","3.969E+00
","-2.7111E+01
","3.943E+00
","-2.7031E+01
","3.938E+00
","-2.7032E+01
","3.922E+00
","-2.6961E+01
","3.930E+00
","-2.6824E+01
","3.903E+00
","-2.6732E+01
","3.909E+00
","-2.6530E+01
","3.950E+00
","-2.6314E+01
","3.944E+00
","-2.6176E+01
","3.935E+00
","-2.6092E+01
","3.970E+00
","-2.6002E+01
","3.848E+00
","-2.6094E+01
","3.843E+00
","-2.6017E+01
","3.760E+00
","-2.6045E+01
","3.624E+00
","-2.6147E+01
","3.570E+00
","-2.6147E+01
","3.468E+00
","-2.6257E+01
","3.328E+00
","-2.6485E+01
","3.205E+00
","-2.6745E+01
","3.090E+00
","-2.7023E+01
","3.038E+00
","-2.7131E+01
","2.840E+00
","-2.7522E+01
","2.718E+00
","-2.7810E+01
","2.561E+00
","-2.8167E+01
","2.315E+00
","-2.8713E+01
","2.050E+00
","-2.9375E+01
","1.870E+00
","-2.9928E+01
","1.533E+00
","-3.0890E+01
","1.272E+00
","-3.1766E+01
","9.47E-01
","-3.2819E+01
","5.24E-01
","-3.4091E+01
","1.16E-01
","-3.5426E+01
","-5.60E-01
","-3.7297E+01
","-3.82E-01
","-3.9438E+01
","-2.299E+00
","-4.1427E+01
","-3.459E+00
","-4.3293E+01
","-4.495E+00
","-4.3520E+01
","-6.019E+00
","-4.3555E+01
","-6.586E+00
","-4.3491E+01
","-9.405E+00
","-4.3076E+01
","-1.1857E+01
","-4.3164E+01
","-1.4762E+01
","-4.3440E+01
","-1.8406E+01
","-4.3874E+01
","-2.1802E+01
","-4.4225E+01
","-2.4905E+01
","-4.4573E+01
","-2.3620E+01
","-4.4750E+01
","-2.1393E+01
","-4.4818E+01
","-1.9827E+01
","-4.4872E+01
","-1.8229E+01
","-4.4889E+01
","-1.6782E+01
","-4.4881E+01
","-1.5819E+01
","-4.4883E+01
","-1.4986E+01
","-4.4995E+01
","-1.4446E+01
","-4.5173E+01
","-1.4161E+01
","-4.5305E+01
","-1.3822E+01
","-4.5380E+01
","-1.3538E+01
","-4.5237E+01
","-1.2541E+01
","-4.4846E+01
","-1.2077E+01
","-4.4770E+01
","-1.1577E+01
","-4.4703E+01
","-1.1338E+01
","-4.4864E+01
","-1.1253E+01
","-4.5202E+01
","-1.1112E+01
","-4.5477E+01
","-1.1107E+01
","-4.5784E+01
","-1.0918E+01
","-4.5969E+01
","-1.0920E+01
","-4.6181E+01
","-1.0680E+01
","-4.6266E+01
","-1.0666E+01
","-4.6529E+01
","-1.0748E+01
","-4.6638E+01
","-1.0495E+01
","-4.6603E+01
","-1.0482E+01
","-4.7125E+01
","-1.0689E+01
","-4.5307E+01
","-1.0457E+01
","-4.7523E+01
","-1.0351E+01
","-4.7946E+01
","-1.0586E+01
","-4.8623E+01
","-1.0713E+01
","-4.8408E+01
","-1.0328E+01
","-4.8503E+01
","-1.0709E+01
","-4.9197E+01
","-1.0854E+01
","-4.8923E+01
","-1.0660E+01
","-4.8827E+01
","-1.0636E+01
","-4.9681E+01
","-1.0934E+01
","-4.9821E+01
","-1.0856E+01
","-4.9237E+01
"
9.0,"-8.786E+00
","-4.5670E+01
","-8.847E+00
","-4.5495E+01
","-8.937E+00
","-4.5346E+01
","-9.077E+00
","-4.5236E+01
","-9.153E+00
","-4.5178E+01
","-9.126E+00
","-4.4984E+01
","-9.098E+00
","-4.4838E+01
","-9.111E+00
","-4.4704E+01
","-1.0136E+01
","-4.4602E+01
","-9.274E+00
","-4.4503E+01
","-9.152E+00
","-4.4476E+01
","-8.801E+00
","-4.6103E+01
","-8.438E+00
","-4.3808E+01
","-9.406E+00
","-4.3567E+01
","-9.462E+00
","-4.3454E+01
","-9.532E+00
","-4.3332E+01
","-8.619E+00
","-4.3237E+01
","-8.681E+00
","-4.3171E+01
","-8.743E+00
","-4.3069E+01
","-8.782E+00
","-4.2930E+01
","-8.852E+00
","-4.2807E+01
","-8.956E+00
","-4.2689E+01
","-9.095E+00
","-4.2627E+01
","-9.281E+00
","-4.2588E+01
","-9.530E+00
","-4.2647E+01
","-9.773E+00
","-4.2745E+01
","-9.686E+00
","-4.2733E+01
","-9.385E+00
","-4.2548E+01
","-9.270E+00
","-4.2306E+01
","-9.343E+00
","-4.4110E+01
","-9.486E+00
","-4.2163E+01
","-9.405E+00
","-4.2249E+01
","-8.963E+00
","-4.1711E+01
","-9.143E+00
","-4.1634E+01
","-9.565E+00
","-4.1711E+01
","-9.081E+00
","-4.1816E+01
","-1.0777E+01
","-4.2111E+01
","-1.1232E+01
","-4.2672E+01
","-9.814E+00
","-4.2399E+01
","-9.397E+00
","-4.1593E+01
","-9.782E+00
","-4.1553E+01
","-1.0346E+01
","-4.1666E+01
","-1.1096E+01
","-4.1866E+01
","-1.1393E+01
","-4.2189E+01
","-1.1233E+01
","-4.1993E+01
","-1.1938E+01
","-4.2126E+01
","-1.2772E+01
","-4.2313E+01
","-1.3771E+01
","-4.2541E+01
","-1.5087E+01
","-4.2818E+01
","-1.6860E+01
","-4.3091E+01
","-1.9441E+01
","-4.3534E+01
","-2.3848E+01
","-4.3783E+01
","-3.5101E+01
","-4.4035E+01
","-2.7080E+01
","-4.4093E+01
","-1.9315E+01
","-4.3945E+01
","-1.4819E+01
","-4.3414E+01
","-1.1497E+01
","-4.2753E+01
","-8.917E+00
","-4.1787E+01
","-6.583E+00
","-4.0361E+01
","-4.532E+00
","-3.8768E+01
","-2.756E+00
","-3.7276E+01
","-1.136E+00
","-3.5421E+01
","3.12E-01
","-3.3722E+01
","1.578E+00
","-3.1899E+01
","2.584E+00
","-3.0461E+01
","3.289E+00
","-2.9378E+01
","3.873E+00
","-2.8390E+01
","4.215E+00
","-2.7803E+01
","4.422E+00
","-2.7426E+01
","4.507E+00
","-2.7248E+01
","4.473E+00
","-2.7263E+01
","4.456E+00
","-2.7162E+01
","4.405E+00
","-2.7153E+01
","4.335E+00
","-2.7146E+01
","4.252E+00
","-2.7148E+01
","4.147E+00
","-2.7191E+01
","4.082E+00
","-2.8891E+01
","4.024E+00
","-2.7239E+01
","3.971E+00
","-2.7255E+01
","3.966E+00
","-2.7288E+01
","3.944E+00
","-2.7251E+01
","3.949E+00
","-2.7197E+01
","3.964E+00
","-2.7088E+01
","3.955E+00
","-2.6999E+01
","3.997E+00
","-2.6880E+01
","4.049E+00
","-2.6739E+01
","4.084E+00
","-2.6698E+01
","4.106E+00
","-2.6725E+01
","4.126E+00
","-2.6603E+01
","4.206E+00
","-2.6515E+01
","4.245E+00
","-2.6399E+01
","4.285E+00
","-2.6270E+01
","4.339E+00
","-2.6142E+01
","4.431E+00
","-2.5988E+01
","4.472E+00
","-2.6053E+01
","4.539E+00
","-2.6016E+01
","4.607E+00
","-2.5915E+01
","5.620E+00
","-2.5863E+01
","4.678E+00
","-2.5832E+01
","4.696E+00
","-2.5747E+01
","4.744E+00
","-2.5658E+01
","4.765E+00
","-2.5680E+01
","4.804E+00
","-3.0968E+01
","-3.0968E+01
","-2.5833E+01
","4.860E+00
","-2.5826E+01
","4.928E+00
","-2.5725E+01
","4.948E+00
","-2.5741E+01
","4.960E+00
","-2.5753E+01
","4.941E+00
","-2.5749E+01
","4.925E+00
","-2.5775E+01
","4.911E+00
","-2.5800E+01
","4.905E+00
","-2.5873E+01
","4.856E+00
","-2.6010E+01
","4.871E+00
","-2.6019E+01
","4.918E+00
","-2.5958E+01
","4.886E+00
","-2.5983E+01
","4.930E+00
","-2.5820E+01
","4.942E+00
","-2.5658E+01
","3.993E+00
","-2.5487E+01
","4.944E+00
","-2.5431E+01
","4.921E+00
","-2.5352E+01
","4.916E+00
","-2.5358E+01
","4.902E+00
","-2.5289E+01
","3.930E+00
","-2.5148E+01
","4.891E+00
","-2.3372E+01
","4.894E+00
","-2.4830E+01
","4.942E+00
","-2.4599E+01
","4.935E+00
","-2.4459E+01
","4.931E+00
","-2.4367E+01
","4.969E+00
","-2.4265E+01
","4.851E+00
","-2.4342E+01
","4.847E+00
","-2.6016E+01
","4.768E+00
","-2.4263E+01
","4.634E+00
","-2.4350E+01
","4.585E+00
","-2.4342E+01
","4.485E+00
","-2.4441E+01
","4.344E+00
","-2.4654E+01
","4.221E+00
","-2.4909E+01
","4.108E+00
","-2.5177E+01
","4.058E+00
","-2.5270E+01
","3.856E+00
","-2.5657E+01
","3.736E+00
","-2.5942E+01
","3.581E+00
","-2.6288E+01
","3.333E+00
","-2.6825E+01
","3.066E+00
","-2.7481E+01
","2.889E+00
","-2.8038E+01
","2.549E+00
","-2.9002E+01
","2.289E+00
","-2.9877E+01
","1.961E+00
","-3.0940E+01
","1.537E+00
","-3.2212E+01
","1.127E+00
","-3.3561E+01
","4.46E-01
","-3.5474E+01
","-3.84E-01
","-3.7644E+01
","-1.294E+00
","-3.9664E+01
","-2.463E+00
","-4.1579E+01
","-3.500E+00
","-4.1772E+01
","-5.023E+00
","-4.1729E+01
","-6.594E+00
","-4.1617E+01
","-8.416E+00
","-4.1168E+01
","-1.0867E+01
","-4.1222E+01
","-1.3780E+01
","-4.1455E+01
","-1.7424E+01
","-4.1899E+01
","-2.0822E+01
","-4.2196E+01
","-2.3913E+01
","-4.2532E+01
","-2.2616E+01
","-4.2731E+01
","-2.0379E+01
","-4.2816E+01
","-1.8823E+01
","-4.2824E+01
","-1.7223E+01
","-4.2845E+01
","-1.5779E+01
","-4.2858E+01
","-1.4818E+01
","-4.2881E+01
","-1.3984E+01
","-4.2962E+01
","-1.3446E+01
","-4.3179E+01
","-1.3165E+01
","-4.3264E+01
","-1.2824E+01
","-4.3332E+01
","-1.2541E+01
","-4.3205E+01
","-1.1544E+01
","-4.2801E+01
","-1.1081E+01
","-4.2736E+01
","-1.0582E+01
","-4.2643E+01
","-1.0343E+01
","-4.2814E+01
","-1.0258E+01
","-4.3155E+01
","-1.0118E+01
","-4.3430E+01
","-1.0110E+01
","-4.3722E+01
","-9.924E+00
","-4.3890E+01
","-9.927E+00
","-4.4115E+01
","-9.685E+00
","-4.4196E+01
","-9.673E+00
","-4.4450E+01
","-9.753E+00
","-4.4556E+01
","-9.503E+00
","-4.4480E+01
","-9.489E+00
","-4.5034E+01
","-9.699E+00
","-4.5335E+01
","-9.467E+00
","-4.5383E+01
","-9.358E+00
","-4.5808E+01
","-9.595E+00
","-4.6469E+01
","-9.720E+00
","-4.6279E+01
","-9.334E+00
","-4.6347E+01
","-8.722E+00
","-4.7037E+01
","-9.863E+00
","-4.6862E+01
","-9.666E+00
","-4.6679E+01
","-9.647E+00
","-4.7542E+01
","-9.941E+00
","-4.7700E+01
","-9.860E+00
","-4.7125E+01
"
10.0,"-7.808E+00
","-4.5675E+01
","-7.864E+00
","-4.3643E+01
","-7.961E+00
","-4.3513E+01
","-8.093E+00
","-4.3421E+01
","-8.173E+00
","-4.3314E+01
","-8.145E+00
","-4.3120E+01
","-8.120E+00
","-4.2982E+01
","-8.130E+00
","-4.2870E+01
","-8.173E+00
","-4.2778E+01
","-8.233E+00
","-4.4127E+01
","-8.175E+00
","-4.2601E+01
","-7.827E+00
","-4.2372E+01
","-7.463E+00
","-4.0096E+01
","-7.449E+00
","-4.1705E+01
","-7.508E+00
","-4.1591E+01
","-7.576E+00
","-3.9612E+01
","-7.643E+00
","-4.1359E+01
","-8.683E+00
","-4.1291E+01
","-7.767E+00
","-4.1208E+01
","-7.805E+00
","-4.1071E+01
","-7.875E+00
","-4.0914E+01
","-7.978E+00
","-4.0815E+01
","-8.118E+00
","-4.0725E+01
","-8.304E+00
","-4.0692E+01
","-8.550E+00
","-4.0757E+01
","-8.797E+00
","-4.0865E+01
","-8.708E+00
","-4.0851E+01
","-8.409E+00
","-4.0657E+01
","-8.293E+00
","-4.0710E+01
","-8.371E+00
","-4.0304E+01
","-8.511E+00
","-4.0275E+01
","-8.431E+00
","-4.0339E+01
","-7.990E+00
","-3.9819E+01
","-8.172E+00
","-3.9749E+01
","-8.588E+00
","-3.9804E+01
","-9.082E+00
","-3.9909E+01
","-9.800E+00
","-4.0195E+01
","-1.0249E+01
","-4.0763E+01
","-8.839E+00
","-4.0498E+01
","-8.426E+00
","-3.9676E+01
","-8.807E+00
","-3.9634E+01
","-8.393E+00
","-3.9744E+01
","-1.0118E+01
","-3.9938E+01
","-1.0414E+01
","-4.0265E+01
","-1.0255E+01
","-4.0080E+01
","-1.0956E+01
","-4.0208E+01
","-1.1780E+01
","-4.0373E+01
","-1.2782E+01
","-4.0584E+01
","-1.4093E+01
","-4.0852E+01
","-1.5857E+01
","-4.1148E+01
","-1.8428E+01
","-4.1566E+01
","-2.2799E+01
","-4.1821E+01
","-3.3714E+01
","-4.2064E+01
","-2.6064E+01
","-4.2122E+01
","-1.8327E+01
","-4.1977E+01
","-1.3833E+01
","-4.1459E+01
","-1.0524E+01
","-4.0777E+01
","-7.948E+00
","-3.9821E+01
","-5.615E+00
","-3.8396E+01
","-3.568E+00
","-3.6819E+01
","-1.796E+00
","-3.5364E+01
","-1.78E-01
","-3.3523E+01
","1.276E+00
","-3.1701E+01
","2.546E+00
","-3.0086E+01
","3.557E+00
","-2.8683E+01
","4.273E+00
","-2.7631E+01
","4.865E+00
","-2.6664E+01
","5.208E+00
","-2.6112E+01
","5.412E+00
","-2.4094E+01
","5.495E+00
","-2.5581E+01
","5.455E+00
","-2.5611E+01
","5.431E+00
","-2.5521E+01
","5.371E+00
","-2.5523E+01
","5.296E+00
","-2.5520E+01
","5.208E+00
","-2.5510E+01
","5.101E+00
","-2.5557E+01
","5.034E+00
","-2.5576E+01
","4.973E+00
","-2.5598E+01
","4.918E+00
","-2.5604E+01
","4.910E+00
","-2.5625E+01
","4.889E+00
","-2.5608E+01
","4.893E+00
","-2.5542E+01
","4.907E+00
","-2.5429E+01
","3.955E+00
","-2.5341E+01
","3.997E+00
","-2.5217E+01
","4.995E+00
","-2.5066E+01
","5.028E+00
","-2.5021E+01
","5.053E+00
","-2.5042E+01
","5.101E+00
","-2.4922E+01
","5.152E+00
","-2.4823E+01
","5.193E+00
","-2.4701E+01
","5.233E+00
","-2.4578E+01
","5.292E+00
","-2.4444E+01
","5.379E+00
","-2.4293E+01
","5.422E+00
","-2.4354E+01
","5.490E+00
","-2.4310E+01
","5.559E+00
","-2.4213E+01
","5.620E+00
","-2.4156E+01
","5.631E+00
","-2.4121E+01
","5.654E+00
","-2.4041E+01
","5.702E+00
","-2.3942E+01
","5.723E+00
","-2.3966E+01
","5.762E+00
","-3.0968E+01
","-3.0968E+01
","-2.4124E+01
","5.820E+00
","-2.4108E+01
","4.928E+00
","-2.4018E+01
","5.910E+00
","-2.4030E+01
","5.921E+00
","-2.4051E+01
","5.906E+00
","-2.4056E+01
","5.890E+00
","-2.4083E+01
","5.875E+00
","-2.4138E+01
","5.872E+00
","-2.4192E+01
","4.857E+00
","-2.4335E+01
","5.836E+00
","-2.4353E+01
","5.885E+00
","-2.4296E+01
","5.856E+00
","-2.4314E+01
","5.901E+00
","-2.4156E+01
","5.912E+00
","-2.4011E+01
","5.940E+00
","-2.3835E+01
","5.917E+00
","-2.3794E+01
","5.894E+00
","-2.3715E+01
","5.892E+00
","-2.3707E+01
","5.881E+00
","-2.3627E+01
","5.893E+00
","-2.2211E+01
","5.875E+00
","-2.3378E+01
","5.886E+00
","-2.3160E+01
","5.934E+00
","-2.2919E+01
","5.926E+00
","-2.2766E+01
","5.928E+00
","-2.2663E+01
","5.966E+00
","-2.4265E+01
","5.849E+00
","-2.2614E+01
","5.850E+00
","-2.2513E+01
","5.775E+00
","-2.2509E+01
","5.644E+00
","-2.2586E+01
","5.595E+00
","-2.2563E+01
","5.502E+00
","-2.2651E+01
","5.359E+00
","-2.2851E+01
","5.239E+00
","-2.3083E+01
","5.126E+00
","-2.3350E+01
","5.079E+00
","-2.3438E+01
","4.874E+00
","-2.3816E+01
","4.759E+00
","-2.4088E+01
","4.599E+00
","-2.4433E+01
","4.354E+00
","-2.4967E+01
","4.084E+00
","-2.3754E+01
","3.907E+00
","-2.6162E+01
","3.567E+00
","-2.7119E+01
","3.305E+00
","-2.7997E+01
","2.974E+00
","-2.9077E+01
","2.549E+00
","-3.0349E+01
","2.135E+00
","-3.1723E+01
","1.455E+00
","-3.3639E+01
","6.21E-01
","-3.5874E+01
","-2.99E-01
","-3.7936E+01
","-1.463E+00
","-3.9883E+01
","-2.510E+00
","-4.0017E+01
","-4.041E+00
","-3.9907E+01
","-5.607E+00
","-3.9745E+01
","-7.432E+00
","-3.9242E+01
","-9.889E+00
","-3.9251E+01
","-1.2801E+01
","-3.9476E+01
","-1.6450E+01
","-3.9905E+01
","-1.9852E+01
","-4.0193E+01
","-2.2920E+01
","-4.0545E+01
","-2.1598E+01
","-4.0729E+01
","-1.9366E+01
","-4.2803E+01
","-1.7814E+01
","-4.0830E+01
","-1.6215E+01
","-4.0832E+01
","-1.4774E+01
","-4.0822E+01
","-1.3814E+01
","-4.0860E+01
","-1.2985E+01
","-4.0928E+01
","-1.2450E+01
","-4.1129E+01
","-1.2166E+01
","-4.1243E+01
","-1.1827E+01
","-4.1293E+01
","-1.1542E+01
","-4.1159E+01
","-1.0546E+01
","-4.0786E+01
","-1.0086E+01
","-4.0727E+01
","-9.588E+00
","-4.1763E+01
","-9.347E+00
","-4.0774E+01
","-9.265E+00
","-4.1097E+01
","-9.127E+00
","-4.1394E+01
","-9.120E+00
","-4.1664E+01
","-8.931E+00
","-4.1837E+01
","-8.936E+00
","-4.2056E+01
","-8.695E+00
","-4.2123E+01
","-8.682E+00
","-4.2386E+01
","-8.762E+00
","-4.2473E+01
","-8.509E+00
","-4.2444E+01
","-8.483E+00
","-4.2970E+01
","-8.705E+00
","-4.3247E+01
","-8.476E+00
","-4.3334E+01
","-8.369E+00
","-4.3755E+01
","-8.604E+00
","-4.4366E+01
","-8.730E+00
","-4.4156E+01
","-8.347E+00
","-4.4250E+01
","-8.726E+00
","-4.4920E+01
","-8.874E+00
","-4.4721E+01
","-8.673E+00
","-4.4583E+01
","-8.657E+00
","-4.5419E+01
","-8.952E+00
","-4.5579E+01
","-8.866E+00
","-4.5009E+01
"
